Relação categoria x cluster detalhada - BR todos sem capital de UF e conurbados,,,,,
"Os nomes dos municípios foram agrupados por categoria e cluster, com separação por linha dentro de cada célula.",,,,,
,,,,,
Categoria,Cluster 1,Cluster 2,Cluster 3,Cluster 4,Cluster 5
capital de intermediaria,"Araraquara (SP)
Araçatuba (SP)
Barbacena (MG)
Bauru (SP)
Campinas (SP)
Cascavel (PR)
Caçador (SC)
Chapecó (SC)
Divinópolis (MG)
Governador Valadares (MG)
Guarapuava (PR)
Iguatu (CE)
Ijuí (RS)
Imperatriz (MA)
Ipatinga (MG)
Irecê (BA)
Itumbiara (GO)
Juazeiro do Norte (CE)
Lages (SC)
Londrina (PR)
Maringá (PR)
Marília (SP)
Montes Claros (MG)
Passo Fundo (RS)
Patos de Minas (MG)
Paulo Afonso (BA)
Petrolina (PE)
Picos (PI)
Ponta Grossa (PR)
Pouso Alegre (MG)
Presidente Prudente (SP)
Ribeirão Preto (SP)
Rio Verde (GO)
Santa Cruz do Sul (RS)
Santa Maria (RS)
Sinop (MT)
São José do Rio Preto (SP)
Teófilo Otoni (MG)
Uberaba (MG)
Uberlândia (MG)
Uruguaiana (RS)
Varginha (MG)
Vitória da Conquista (BA)","Araguaína (TO)
Barra do Garças (MT)
Barreiras (BA)
Corrente (PI)
Corumbá (MS)
Cruzeiro do Sul (AC)
Cáceres (MT)
Dourados (MS)
Gurupi (TO)
Ji-Paraná (RO)
Luziânia (GO)
Lábrea (AM)
Parintins (AM)
Porangatu (GO)
Redenção (PA)
Rondonópolis (MT)
Rorainópolis (RR)
São Luís de Montes Belos (GO)
São Raimundo Nonato (PI)
Tefé (AM)","Blumenau (SC)
Cachoeiro de Itapemirim (ES)
Campos dos Goytacazes (RJ)
Castanhal (PA)
Colatina (ES)
Criciúma (SC)
Feira de Santana (BA)
Ilhéus (BA)
Itabaiana (SE)
Joinville (SC)
Macaé (RJ)
Mossoró (RN)
Oiapoque (AP)
Parnaíba (PI)
Pelotas (RS)
Petrópolis (RJ)
Santo Antônio de Jesus (BA)
São Mateus (ES)
Volta Redonda (RJ)","Arapiraca (AL)
Breves (PA)
Campina Grande (PB)
Caruaru (PE)
Caxias do Sul (RS)
Juiz de Fora (MG)
Sobral (CE)
Sorocaba (SP)
São José dos Campos (SP)","Altamira (PA)
Caicó (RN)
Caxias (MA)
Crateús (CE)
Floriano (PI)
Guanambi (BA)
Juazeiro (BA)
Marabá (PA)
Patos (PB)
Presidente Dutra (MA)
Quixadá (CE)
Santa Inês (MA)
Santarém (PA)
Serra Talhada (PE)
Sousa (PB)"
capital de imediata,"Adamantina (SP)
Alfenas (MG)
Amparo (SP)
Anápolis (GO)
Apucarana (PR)
Araras (SP)
Araxá (MG)
Assis (SP)
Avaré (SP)
Bagé (RS)
Barretos (SP)
Birigui (SP)
Botucatu (SP)
Cachoeira do Sul (RS)
Campo Belo (MG)
Campo Mourão (PR)
Carazinho (RS)
Cataguases (MG)
Catalão (GO)
Catanduva (SP)
Caxambu (MG)
Cerro Largo (RS)
Cianorte (PR)
Concórdia (SC)
Conselheiro Lafaiete (MG)
Cornélio Procópio (PR)
Cruz Alta (RS)
Curitibanos (SC)
Curvelo (MG)
Diamantina (MG)
Diamantino (MT)
Dois Vizinhos (PR)
Encantado (RS)
Erechim (RS)
Fernandópolis (SP)
Formiga (MG)
Foz do Iguaçu (PR)
Franca (SP)
Francisco Beltrão (PR)
Frederico Westphalen (RS)
Frutal (MG)
Guanhães (MG)
Guaxupé (MG)
Ibaiti (PR)
Irati (PR)
Itabira (MG)
Itajaí (SC)
Itapetininga (SP)
Itapeva (SP)
Ituverava (SP)
Ivaiporã (PR)
Jales (SP)
Jaú (SP)
Joaçaba (SC)
João Monlevade (MG)
Jundiaí (SP)
Lagoa Vermelha (RS)
Laranjeiras do Sul (PR)
Lavras (MG)
Limeira (SP)
Lins (SP)
Mafra (SC)
Manhuaçu (MG)
Marau (RS)
Maravilha (SC)
Marechal Cândido Rondon (PR)
Mogi Guaçu (SP)
Muriaé (MG)
Nonoai (RS)
Nova Prata (RS)
Oliveira (MG)
Ourinhos (SP)
Palmeira das Missões (RS)
Paranavaí (PR)
Pará de Minas (MG)
Passos (MG)
Pato Branco (PR)
Patrocínio (MG)
Piracicaba (SP)
Piraju (SP)
Pitanga (PR)
Piumhi (MG)
Ponte Nova (MG)
Poços de Caldas (MG)
Primavera do Leste (MT)
Rio Claro (SP)
Rio do Sul (SC)
Sant'Ana do Livramento (RS)
Santa Bárbara (MG)
Santa Fé do Sul (SP)
Santa Rosa (RS)
Santiago (RS)
Santo Antônio da Platina (PR)
Santo Ângelo (RS)
Santos (SP)
Sete Lagoas (MG)
Sobradinho (RS)
Soledade (RS)
Sorriso (MT)
São Borja (RS)
São Carlos (SP)
São Gabriel (RS)
São Joaquim da Barra (SP)
São José do Rio Pardo (SP)
São João Nepomuceno (MG)
São João da Boa Vista (SP)
São João del Rei (MG)
São Lourenço (MG)
São Lourenço do Oeste (SC)
São Luiz Gonzaga (RS)
São Miguel do Oeste (SC)
São Sebastião do Paraíso (MG)
Tapejara (RS)
Tatuí (SP)
Telêmaco Borba (PR)
Toledo (PR)
Três Corações (MG)
Três Passos (RS)
Três Pontas (MG)
Três de Maio (RS)
Tupã (SP)
Ubá (MG)
Umuarama (PR)
União da Vitória (PR)
Vacaria (RS)
Videira (SC)
Viçosa (MG)
Xanxerê (SC)","Alta Floresta (MT)
Amambai (MS)
Andradina (SP)
Aquidauana (MS)
Ariquemes (RO)
Balsas (MA)
Bom Jesus (PI)
Brasiléia (AC)
Cacoal (RO)
Caldas Novas (GO)
Campos Belos (GO)
Canto do Buriti (PI)
Ceres (GO)
Coari (AM)
Colinas do Tocantins (TO)
Confresa (MT)
Coxim (MS)
Dianópolis (TO)
Dracena (SP)
Eirunepé (AM)
Flores de Goiás (GO)
Goiás (GO)
Guaraí (TO)
Inhumas (GO)
Iporá (GO)
Itacoatiara (AM)
Itaituba (PA)
Ituiutaba (MG)
Iturama (MG)
Jaciara (MT)
Januária (MG)
Jardim (MS)
Jaru (RO)
Juara (MT)
Juína (MT)
Loanda (PR)
Manacapuru (AM)
Manicoré (AM)
Mineiros (GO)
Miracema do Tocantins (TO)
Mirassol d'Oeste (MT)
Monte Carmelo (MG)
Naviraí (MS)
Nova Andradina (MS)
Palmeiras de Goiás (GO)
Paranaíba (MS)
Parauapebas (PA)
Paraíso do Tocantins (TO)
Paulistana (PI)
Peixoto de Azevedo (MT)
Piracanjuba (GO)
Pirapora (MG)
Pires do Rio (GO)
Ponta Porã (MS)
Pontes e Lacerda (MT)
Porto Nacional (TO)
Presidente Venceslau (SP)
Quirinópolis (GO)
Santa Maria da Vitória (BA)
Sena Madureira (AC)
Simplício Mendes (PI)
São Francisco (MG)
São Gabriel da Cachoeira (AM)
São João do Piauí (PI)
Tabatinga (AM)
Tangará da Serra (MT)
Tarauacá (AC)
Três Lagoas (MS)
Tucumã (PA)
Unaí (MG)
Uruaçu (GO)
Vilhena (RO)
Votuporanga (SP)
Xinguara (PA)
Água Boa (MT)
Águas Lindas de Goiás (GO)","Acaraú (CE)
Alagoinhas (BA)
Angra dos Reis (RJ)
Aracati (CE)
Araranguá (SC)
Atalaia (AL)
Açu (RN)
Barreirinhas (MA)
Barreiros (PE)
Bragança (PA)
Brusque (SC)
Cabo Frio (RJ)
Camacan (BA)
Camaquã (RS)
Camocim (CE)
Canguaretama (RN)
Capanema (PA)
Caraguatatuba (SP)
Carpina (PE)
Charqueadas (RS)
Cruz das Almas (BA)
Cururupu (MA)
Escada (PE)
Estância (SE)
Eunápolis (BA)
Goiana (PE)
Guaratinguetá (SP)
Itapecuru Mirim (MA)
Itapipoca (CE)
João Câmara (RN)
Lagarto (SE)
Linhares (ES)
Mamanguape (PB)
Montenegro (RS)
Nazaré (BA)
Nova Friburgo (RJ)
Novo Hamburgo (RS)
Palmares (PE)
Paranaguá (PR)
Penedo (AL)
Pinheiro (MA)
Porto Calvo (AL)
Porto Grande (AP)
Propriá (SE)
Registro (SP)
Resende (RJ)
Rio Bonito (RJ)
Russas (CE)
Salvaterra (PA)
Santo Antônio (RN)
São Miguel dos Campos (AL)
Taquara (RS)
Taubaté (SP)
Teixeira de Freitas (BA)
Torres (RS)
Tramandaí (RS)
Tubarão (SC)
Tutóia (MA)
Valença (BA)
Viana (MA)
Vitória de Santo Antão (PE)","Afonso Cláudio (ES)
Alegre (ES)
Além Paraíba (MG)
Bento Gonçalves (RS)
Bragança Paulista (SP)
Canindé (CE)
Capitão Poço (PA)
Chapadinha (MA)
Cruzeiro (SP)
Cuité (PB)
Esperantina (PI)
Garanhuns (PE)
Governador Nunes Freire (MA)
Guarabira (PB)
Ibirama (SC)
Ipiaú (BA)
Itabaiana (PB)
Itajubá (MG)
Itapajé (CE)
Itaperuna (RJ)
Itapetinga (BA)
Ituporanga (SC)
Jequié (BA)
Lajeado (RS)
Limoeiro (PE)
Nossa Senhora da Glória (SE)
Nova Venécia (ES)
Palmeira dos Índios (AL)
Redenção (CE)
Santa Cruz (RN)
Santo Antônio de Pádua (RJ)
Serrinha (BA)
Surubim (PE)
São Bento do Sul (SC)
São Paulo do Potengi (RN)
Três Rios (RJ)
União dos Palmares (AL)
Valença (RJ)","Abaetetuba (PA)
Abaeté (MG)
Afogados da Ingazeira (PE)
Aimorés (MG)
Almeirim (PA)
Almenara (MG)
Amarante (PI)
Araguatins (TO)
Araripina (PE)
Araçuaí (MG)
Arcoverde (PE)
Açailândia (MA)
Bacabal (MA)
Barra do Corda (MA)
Barras (PI)
Belo Jardim (PE)
Bom Jesus da Lapa (BA)
Brejo Santo (CE)
Brumado (BA)
Cajazeiras (PB)
Cametá (PA)
Campo Maior (PI)
Capelinha (MG)
Caracaraí (RR)
Carangola (MG)
Caratinga (MG)
Catolé do Rocha (PB)
Codó (MA)
Colinas (MA)
Conceição do Coité (BA)
Currais Novos (RN)
Cícero Dantas (BA)
Delmiro Gouveia (AL)
Dores do Indaiá (MG)
Espinosa (MG)
Euclides da Cunha (BA)
Icó (CE)
Itaberaba (BA)
Itaporanga (PB)
Jacobina (BA)
Janaúba (MG)
Jeremoabo (BA)
Laranjal do Jari (AP)
Mantena (MG)
Monteiro (PB)
Oeiras (PI)
Oriximiná (PA)
Pacaraima (RR)
Paragominas (PA)
Paranacity (PR)
Pau dos Ferros (RN)
Pedra Azul (MG)
Pedreiras (MA)
Piripiri (PI)
Pombal (PB)
Princesa Isabel (PB)
Pão de Açúcar (AL)
Ribeira do Pombal (BA)
Salgueiro (PE)
Salinas (MG)
Santana do Ipanema (AL)
Seabra (BA)
Senhor do Bonfim (BA)
Sumé (PB)
São Benedito (CE)
São João dos Patos (MA)
Tauá (CE)
Timon (MA)
Tocantinópolis (TO)
Tucuruí (PA)
Uruçuí (PI)
Valença do Piauí (PI)
Xique-Xique (BA)
Águas Formosas (MG)"
demais municipios,"Abdon Batista (SC)
Abelardo Luz (SC)
Adolfo (SP)
Agrolândia (SC)
Agronômica (SC)
Aguaí (SP)
Agudos (SP)
Ajuricaba (RS)
Alambari (SP)
Alegrete (RS)
Alfredo Marcondes (SP)
Almirante Tamandaré do Sul (RS)
Alpestre (RS)
Altair (SP)
Altamira do Paraná (PR)
Altinópolis (SP)
Alto Alegre (RS)
Alto Alegre (SP)
Alto Bela Vista (SC)
Alvinlândia (SP)
Alvorada do Sul (PR)
Americana (SP)
Ampére (PR)
Américo Brasiliense (SP)
Américo de Campos (SP)
Analândia (SP)
Anchieta (SC)
Andirá (PR)
Andradas (MG)
André da Rocha (RS)
Angatuba (SP)
Anhembi (SP)
Anhumas (SP)
Anta Gorda (RS)
Antônio Dias (MG)
Antônio Prado (RS)
Arabutã (SC)
Aramina (SP)
Arandu (SP)
Arapongas (PR)
Arapoti (PR)
Arapuá (MG)
Araruna (PR)
Aratiba (RS)
Araçoiaba da Serra (SP)
Araújos (MG)
Arco-Íris (SP)
Arcos (MG)
Arealva (SP)
Areiópolis (SP)
Ariranha (SP)
Arroio Trinta (SC)
Artur Nogueira (SP)
Arvoredo (SC)
Aspásia (SP)
Assaí (PR)
Astorga (PR)
Atalaia (PR)
Atalanta (SC)
Augusto Pestana (RS)
Avanhandava (SP)
Avaí (SP)
Bady Bassitt (SP)
Balneário Camboriú (SC)
Bandeirantes (PR)
Barbosa (SP)
Bariri (SP)
Barra Bonita (SC)
Barra Bonita (SP)
Barra Funda (RS)
Barra do Chapéu (SP)
Barracão (PR)
Barrinha (SP)
Barão de Antonina (SP)
Barão de Cocais (MG)
Barão de Cotegipe (RS)
Bastos (SP)
Batatais (SP)
Bebedouro (SP)
Belmonte (SC)
Belo Oriente (MG)
Bernardino de Campos (SP)
Bilac (SP)
Bituruna (PR)
Boa Esperança (MG)
Boa Esperança (PR)
Boa Esperança do Iguaçu (PR)
Boa Esperança do Sul (SP)
Boa Vista das Missões (RS)
Boa Vista do Buricá (RS)
Boa Vista do Cadeado (RS)
Boa Vista do Incra (RS)
Bocaina (SP)
Bofete (SP)
Boituva (SP)
Bom Despacho (MG)
Bom Jesus (SC)
Bom Jesus do Oeste (SC)
Bom Sucesso do Sul (PR)
Boracéia (SP)
Borborema (SP)
Borebi (SP)
Borrazópolis (PR)
Borá (SP)
Bozano (RS)
Braganey (PR)
Braço do Trombudo (SC)
Braúna (SP)
Brejo Alegre (SP)
Brodowski (SP)
Brotas (SP)
Brumadinho (MG)
Brunópolis (SC)
Buri (SP)
Buritama (SP)
Buritizal (SP)
Bálsamo (SP)
Cabrália Paulista (SP)
Caconde (SP)
Caeté (MG)
Cafeara (PR)
Cafelândia (SP)
Caiabu (SP)
Caibaté (RS)
Caibi (SC)
Caiçara (RS)
Cajobi (SP)
Cajuru (SP)
Califórnia (PR)
Camargo (RS)
Cambará (PR)
Cambira (PR)
Cambuí (MG)
Cambé (PR)
Campestre da Serra (RS)
Campina da Lagoa (PR)
Campina das Missões (RS)
Campina do Monte Alegre (SP)
Campinas do Sul (RS)
Campo Bonito (PR)
Campo Erê (SC)
Campo Novo (RS)
Campo Novo do Parecis (MT)
Campo Verde (MT)
Campos Altos (MG)
Campos Borges (RS)
Campos Novos (SC)
Campos Novos Paulista (SP)
Campos de Júlio (MT)
Canaã dos Carajás (PA)
Candiota (RS)
Candói (PR)
Canitar (SP)
Canoinhas (SC)
Capela do Alto (SP)
Capinzal (SC)
Capitão (RS)
Capitólio (MG)
Capivari (SP)
Capão Bonito do Sul (RS)
Capão do Cipó (RS)
Carambeí (PR)
Cardoso (SP)
Carlos Barbosa (RS)
Carlópolis (PR)
Carmo do Cajuru (MG)
Carmo do Paranaíba (MG)
Casa Branca (SP)
Casca (RS)
Caseiros (RS)
Castro (PR)
Catanduvas (SC)
Catas Altas (MG)
Catiguá (SP)
Catuípe (RS)
Caxambu do Sul (SC)
Cedral (SP)
Celso Ramos (SC)
Centenário (RS)
Centenário do Sul (PR)
Cerqueira César (SP)
Cerquilho (SP)
Cesário Lange (SP)
Chapada (RS)
Charqueada (SP)
Chavantes (SP)
Chiapetta (RS)
Chopinzinho (PR)
Ciríaco (RS)
Clementina (SP)
Clevelândia (PR)
Cláudio (MG)
Colina (SP)
Colorado (PR)
Colorado (RS)
Colômbia (SP)
Conceição das Alagoas (MG)
Conceição do Mato Dentro (MG)
Conceição do Pará (MG)
Conchal (SP)
Conchas (SP)
Condor (RS)
Confins (MG)
Congonhas (MG)
Conquista (MG)
Conselheiro Mairinck (PR)
Constantina (RS)
Coqueiros do Sul (RS)
Corbélia (PR)
Cordeirópolis (SP)
Cordilheira Alta (SC)
Coroados (SP)
Coronel Barros (RS)
Coronel Fabriciano (MG)
Coronel Freitas (SC)
Coronel Macedo (SP)
Coronel Martins (SC)
Coronel Vivida (PR)
Corumbataí (SP)
Cosmorama (SP)
Cosmópolis (SP)
Cotiporã (RS)
Coxilha (RS)
Cravinhos (SP)
Crissiumal (RS)
Cristais Paulista (SP)
Cruzaltense (RS)
Cruzeiro da Fortaleza (MG)
Cruzeiro do Iguaçu (PR)
Cruzeiro do Oeste (PR)
Cruzália (SP)
Cunha Porã (SC)
Cunhataí (SC)
Cássia (MG)
Cássia dos Coqueiros (SP)
Cândido Godói (RS)
Cândido Mota (SP)
Cândido Rodrigues (SP)
Córrego Danta (MG)
Córrego Fundo (MG)
David Canabarro (RS)
Delta (MG)
Descalvado (SP)
Descanso (SC)
Dionísio Cerqueira (SC)
Dirce Reis (SP)
Divinolândia (SP)
Dobrada (SP)
Dois Córregos (SP)
Dois Lajeados (RS)
Dona Emma (SC)
Dourado (SP)
Doutor Camargo (PR)
Doutor Maurício Cardoso (RS)
Doutor Ricardo (RS)
Duartina (SP)
Dumont (SP)
Echaporã (SP)
Elias Fausto (SP)
Elisiário (SP)
Elói Mendes (MG)
Embaúba (SP)
Emilianópolis (SP)
Engenheiro Beltrão (PR)
Engenheiro Coelho (SP)
Entre Rios do Sul (RS)
Entre-Ijuís (RS)
Enéas Marques (PR)
Erebango (RS)
Ernestina (RS)
Erval Velho (SC)
Esmeralda (RS)
Espumoso (RS)
Espírito Santo do Pinhal (SP)
Espírito Santo do Turvo (SP)
Estação (RS)
Estiva Gerbi (SP)
Estrela d'Oeste (SP)
Estrela do Norte (SP)
Extrema (MG)
Fagundes Varela (RS)
Fama (MG)
Fartura (SP)
Faxinal do Soturno (RS)
Faxinal dos Guedes (SC)
Fernando Prestes (SP)
Fernando de Noronha (PE)
Fernão (SP)
Flor do Sertão (SC)
Flora Rica (SP)
Floraí (PR)
Floreal (SP)
Floresta (PR)
Florestal (MG)
Floriano Peixoto (RS)
Florínea (SP)
Flórida (PR)
Flórida Paulista (SP)
Formosa do Sul (SC)
Fortaleza dos Valos (RS)
Fraiburgo (SC)
Fênix (PR)
Gabriel Monteiro (SP)
Galvão (SC)
Garibaldi (RS)
Garça (SP)
Gaurama (RS)
Gavião Peixoto (SP)
Gentil (RS)
Getulina (SP)
Getúlio Vargas (RS)
Giruá (RS)
Glicério (SP)
Goioerê (PR)
Gramado (RS)
Guaimbê (SP)
Guaiçara (SP)
Guapiaçu (SP)
Guaporé (RS)
Guaraci (PR)
Guaraci (SP)
Guaraciaba (SC)
Guarani das Missões (RS)
Guaraniaçu (PR)
Guarantã (SP)
Guaranésia (MG)
Guararapes (SP)
Guareí (SP)
Guariba (SP)
Guarujá do Sul (SC)
Guará (SP)
Guatambú (SC)
Guatapará (SP)
Guaíra (SP)
Gália (SP)
Herculândia (SP)
Herval d'Oeste (SC)
Holambra (SP)
Horizontina (RS)
Hortolândia (SP)
Iacanga (SP)
Iacri (SP)
Iaras (SP)
Ibaté (SP)
Ibiam (SC)
Ibiaçá (RS)
Ibicaré (SC)
Ibiporã (PR)
Ibiraiaras (RS)
Ibirarema (SP)
Ibirubá (RS)
Ibirá (SP)
Ibitinga (SP)
Ibiá (MG)
Icém (SP)
Iepê (SP)
Igarapava (SP)
Igarapé (MG)
Igaratinga (MG)
Igaraçu do Tietê (SP)
Iguaraçu (PR)
Iguatama (MG)
Ijaci (MG)
Ilha Solteira (SP)
Ilhabela (SP)
Ilópolis (RS)
Imbituva (PR)
Indaiatuba (SP)
Independência (RS)
Indiana (SP)
Indianópolis (PR)
Inúbia Paulista (SP)
Iomerê (SC)
Ipaussu (SP)
Iperó (SP)
Ipeúna (SP)
Ipiguá (SP)
Ipira (SC)
Ipiranga do Sul (RS)
Iporã do Oeste (SC)
Ipumirim (SC)
Ipuã (SP)
Ipê (RS)
Iraceminha (SC)
Iracemápolis (SP)
Irani (SC)
Irapuã (SP)
Irati (SC)
Itaara (RS)
Itaberá (SP)
Itabirito (MG)
Itaguajé (PR)
Itaguara (MG)
Itaiópolis (SC)
Itajobi (SP)
Itaju (SP)
Itambaracá (PR)
Itambé (PR)
Itapejara d'Oeste (PR)
Itapema (SC)
Itapeva (MG)
Itapira (SP)
Itapiranga (SC)
Itaporanga (SP)
Itapuí (SP)
Itararé (SP)
Itatiaiuçu (MG)
Itatinga (SP)
Itaí (SP)
Itaú de Minas (MG)
Itaúna (MG)
Itirapina (SP)
Itirapuã (SP)
Itobi (SP)
Itupeva (SP)
Itá (SC)
Itápolis (SP)
Ivatuba (PR)
Jaborandi (SP)
Jaborá (SC)
Jaboticabal (SP)
Jacarezinho (PR)
Jaci (SP)
Jacutinga (MG)
Jacutinga (RS)
Jaguapitã (PR)
Jaguaraçu (MG)
Jaguari (RS)
Jaguariaíva (PR)
Jaguariúna (SP)
Jandaia do Sul (PR)
Japurá (PR)
Jardim Alegre (PR)
Jardinópolis (SC)
Jardinópolis (SP)
Jataizinho (PR)
Jeceaba (MG)
Jeriquara (SP)
Joaquim Távora (PR)
José Bonifácio (SP)
João Ramalho (SP)
Juatuba (MG)
Jumirim (SP)
Jupiá (SC)
Juranda (PR)
Jussara (PR)
Júlio de Castilhos (RS)
Lacerdópolis (SC)
Lagoa Formosa (MG)
Lagoa Santa (MG)
Lagoa da Prata (MG)
Lagoa dos Três Cantos (RS)
Lajeado Grande (SC)
Laranjal Paulista (SP)
Laurentino (SC)
Leme (SP)
Lençóis Paulista (SP)
Leopoldina (MG)
Leópolis (PR)
Lindóia (SP)
Lindóia do Sul (SC)
Lobato (PR)
Louveira (SP)
Lucas do Rio Verde (MT)
Lucianópolis (SP)
Lucélia (SP)
Luiziânia (SP)
Lupércio (SP)
Lutécia (SP)
Luz (MG)
Luzerna (SC)
Luís Antônio (SP)
Macatuba (SP)
Macaubal (SP)
Macedônia (SP)
Machado (MG)
Mallet (PR)
Mamborê (PR)
Mandaguari (PR)
Mandaguaçu (PR)
Manduri (SP)
Mangueirinha (PR)
Manoel Ribas (PR)
Maracaí (SP)
Marapoama (SP)
Marcelino Ramos (RS)
Marema (SC)
Marialva (PR)
Mariana (MG)
Mariano Moro (RS)
Maricá (RJ)
Marilândia do Sul (PR)
Marinópolis (SP)
Mariápolis (SP)
Mariópolis (PR)
Marmeleiro (PR)
Marques de Souza (RS)
Martinho Campos (MG)
Martinópolis (SP)
Mato Castelhano (RS)
Mato Leitão (RS)
Matutina (MG)
Matão (SP)
Mauá da Serra (PR)
Maximiliano de Almeida (RS)
Maçambará (RS)
Medianeira (PR)
Mendonça (SP)
Meridiano (SP)
Miguelópolis (SP)
Mineiros do Tietê (SP)
Miraguaí (RS)
Mirante do Paranapanema (SP)
Mirassol (SP)
Mirassolândia (SP)
Mococa (SP)
Modelo (SC)
Moeda (MG)
Mogi Mirim (SP)
Mombuca (SP)
Mondaí (SC)
Montauri (RS)
Monte Alegre do Sul (SP)
Monte Alto (SP)
Monte Aprazível (SP)
Monte Azul Paulista (SP)
Monte Mor (SP)
Monte Sião (MG)
Monções (SP)
Morada Nova de Minas (MG)
Mormaço (RS)
Morro Agudo (SP)
Morungaba (SP)
Motuca (SP)
Muitos Capões (RS)
Muliterno (RS)
Munhoz de Melo (PR)
Murutinga do Sul (SP)
Muzambinho (MG)
Muçum (RS)
Nantes (SP)
Narandiba (SP)
Neves Paulista (SP)
Nhandeara (SP)
Nicolau Vergueiro (RS)
Nipoã (SP)
Niterói (RJ)
Nossa Senhora das Graças (PR)
Nova Aliança (SP)
Nova Aliança do Ivaí (PR)
Nova Alvorada (RS)
Nova Araçá (RS)
Nova Bassano (RS)
Nova Boa Vista (RS)
Nova Bréscia (RS)
Nova Canaã Paulista (SP)
Nova Candelária (RS)
Nova Castilho (SP)
Nova Erechim (SC)
Nova Esperança (PR)
Nova Esperança do Sudoeste (PR)
Nova Europa (SP)
Nova Granada (SP)
Nova Itaberaba (SC)
Nova Mutum (MT)
Nova Odessa (SP)
Nova Palma (RS)
Nova Ponte (MG)
Nova Pádua (RS)
Nova Ramada (RS)
Nova Roma do Sul (RS)
Nova Serrana (MG)
Nova União (MG)
Novais (SP)
Novo Cabrais (RS)
Novo Horizonte (SC)
Novo Horizonte (SP)
Novo Xingu (RS)
Nuporanga (SP)
Não-Me-Toque (RS)
Ocauçu (SP)
Olímpia (SP)
Onda Verde (SP)
Oriente (SP)
Orlândia (SP)
Ortigueira (PR)
Oscar Bressane (SP)
Osvaldo Cruz (SP)
Otacílio Costa (SC)
Ourizona (PR)
Ouro (SC)
Ouro Branco (MG)
Ouro Preto (MG)
Paial (SC)
Paim Filho (RS)
Pains (MG)
Paiçandu (PR)
Palma Sola (SC)
Palmares Paulista (SP)
Palmas (PR)
Palmeira (PR)
Palmeira (SC)
Palmeira d'Oeste (SP)
Palmital (SP)
Palmitinho (RS)
Palmitos (SC)
Panambi (RS)
Paraguaçu (MG)
Paraguaçu Paulista (SP)
Paranapanema (SP)
Parapuã (SP)
Paraí (RS)
Paraíso (SC)
Paraíso (SP)
Paraíso do Norte (PR)
Pardinho (SP)
Parisi (SP)
Patrocínio Paulista (SP)
Paula Freitas (PR)
Paulistânia (SP)
Paulo Bento (RS)
Paulo Frontin (PR)
Paulínia (SP)
Peabiru (PR)
Pederneiras (SP)
Pedra Bela (SP)
Pedranópolis (SP)
Pedregulho (SP)
Pedreira (SP)
Pedrinhas Paulista (SP)
Pejuçara (RS)
Penápolis (SP)
Pequi (MG)
Perdigão (MG)
Perdizes (MG)
Perdões (MG)
Pereiras (SP)
Peritiba (SC)
Piacatu (SP)
Pindorama (SP)
Pinhal (RS)
Pinhal Grande (RS)
Pinhalzinho (SC)
Pinhalzinho (SP)
Pinheiro Preto (SC)
Piquerobi (SP)
Pirajuba (MG)
Pirajuí (SP)
Pirangi (SP)
Pirapozinho (SP)
Pirassununga (SP)
Piratininga (SP)
Piratuba (SC)
Pitangueiras (PR)
Pitangueiras (SP)
Pitangui (MG)
Planalto (SP)
Planalto Alegre (SC)
Planura (MG)
Platina (SP)
Poloni (SP)
Pompéia (SP)
Pongaí (SP)
Pontal (SP)
Ponte Preta (RS)
Ponte Serrada (SC)
Pontes Gestal (SP)
Pontão (RS)
Porangaba (SP)
Porecatu (PR)
Porto Amazonas (PR)
Porto Barreiro (PR)
Porto Feliz (SP)
Porto Ferreira (SP)
Porto União (SC)
Potirendaba (SP)
Pouso Novo (RS)
Pouso Redondo (SC)
Pracinha (SP)
Pradópolis (SP)
Pratânia (SP)
Presidente Alves (SP)
Presidente Bernardes (SP)
Presidente Castello Branco (SC)
Presidente Castelo Branco (PR)
Presidente Getúlio (SC)
Primeiro de Maio (PR)
Princesa (SC)
Promissão (SP)
Protásio Alves (RS)
Quadra (SP)
Quarto Centenário (PR)
Quatiguá (PR)
Quatro Irmãos (RS)
Quatro Pontes (PR)
Quatá (SP)
Quedas do Iguaçu (PR)
Queiroz (SP)
Quilombo (SC)
Quintana (SP)
Quinze de Novembro (RS)
Rafard (SP)
Rancharia (SP)
Rancho Alegre (PR)
Raposos (MG)
Regente Feijó (SP)
Reginópolis (SP)
Relvado (RS)
Renascença (PR)
Ressaquinha (MG)
Restinga (SP)
Restinga Sêca (RS)
Ribeirão Bonito (SP)
Ribeirão Claro (PR)
Ribeirão Corrente (SP)
Ribeirão do Sul (SP)
Rifaina (SP)
Rincão (SP)
Rinópolis (SP)
Rio Acima (MG)
Rio Paranaíba (MG)
Rio Piracicaba (MG)
Rio das Antas (SC)
Rio das Pedras (SP)
Rio do Campo (SC)
Rio do Oeste (SC)
Riqueza (SC)
Riversul (SP)
Rodeio Bonito (RS)
Rodeiro (MG)
Rolândia (PR)
Ronda Alta (RS)
Rondinha (RS)
Rondon (PR)
Roque Gonzales (RS)
Rosário do Sul (RS)
Rubinéia (SP)
Rubiácea (SP)
Sabino (SP)
Sabáudia (PR)
Sacramento (MG)
Sagres (SP)
Saldanha Marinho (RS)
Sales (SP)
Sales Oliveira (SP)
Salete (SC)
Salgado Filho (PR)
Salmourão (SP)
Saltinho (SP)
Salto (SP)
Salto Grande (SP)
Salto Veloso (SC)
Salto do Jacuí (RS)
Salto do Lontra (PR)
Salvador das Missões (RS)
Sananduva (RS)
Sandovalina (SP)
Santa Adélia (SP)
Santa Bárbara d'Oeste (SP)
Santa Bárbara do Sul (RS)
Santa Cecília (SC)
Santa Cecília do Sul (RS)
Santa Clara do Sul (RS)
Santa Cruz da Conceição (SP)
Santa Cruz da Esperança (SP)
Santa Cruz das Palmeiras (SP)
Santa Cruz de Minas (MG)
Santa Cruz do Rio Pardo (SP)
Santa Ernestina (SP)
Santa Fé (PR)
Santa Gertrudes (SP)
Santa Helena (SC)
Santa Inês (PR)
Santa Juliana (MG)
Santa Lúcia (SP)
Santa Maria da Serra (SP)
Santa Mariana (PR)
Santa Rita d'Oeste (SP)
Santa Rita do Passa Quatro (SP)
Santa Rita do Sapucaí (MG)
Santa Rosa de Viterbo (SP)
Santa Salete (SP)
Santana da Ponte Pensa (SP)
Santana do Paraíso (MG)
Santiago do Sul (SC)
Santo Anastácio (SP)
Santo Antônio da Alegria (SP)
Santo Antônio de Posse (SP)
Santo Antônio do Jardim (SP)
Santo Antônio do Monte (MG)
Santo Antônio do Palma (RS)
Santo Antônio do Paraíso (PR)
Santo Antônio do Planalto (RS)
Santo Antônio do Sudoeste (PR)
Santo Antônio dos Lopes (MA)
Santo Augusto (RS)
Santo Cristo (RS)
Santo Expedito (SP)
Santo Expedito do Sul (RS)
Santo Inácio (PR)
Santos Dumont (MG)
Santópolis do Aguapeí (SP)
Sapezal (MT)
Sarandi (PR)
Sarandi (RS)
Sarutaiá (SP)
Sarzedo (MG)
Saudade do Iguaçu (PR)
Saudades (SC)
Seara (SC)
Sebastianópolis do Sul (SP)
Seberi (RS)
Sede Nova (RS)
Selbach (RS)
Serafina Corrêa (RS)
Serra Alta (SC)
Serra Negra (SP)
Serra do Salitre (MG)
Serrana (SP)
Sertaneja (PR)
Sertanópolis (PR)
Sertão (RS)
Sertãozinho (SP)
Severiano de Almeida (RS)
Severínia (SP)
Silveira Martins (RS)
Siqueira Campos (PR)
Socorro (SP)
Sul Brasil (SC)
Sulina (PR)
Sumaré (SP)
São Brás do Suaçuí (MG)
São Carlos (SC)
São Carlos do Ivaí (PR)
São Domingos (SC)
São Domingos do Sul (RS)
São Francisco (SP)
São Gonçalo do Rio Abaixo (MG)
São Gotardo (MG)
São Jorge (RS)
São Jorge d'Oeste (PR)
São Jorge do Ivaí (PR)
São José da Barra (MG)
São José da Bela Vista (SP)
São José da Lapa (MG)
São José do Cedro (SC)
São José do Inhacorá (RS)
São José do Ouro (RS)
São João (PR)
São João da Urtiga (RS)
São João do Oeste (SC)
São João do Polêsine (RS)
São Luiz do Paraitinga (SP)
São Manuel (SP)
São Marcos (RS)
São Martinho (RS)
São Mateus do Sul (PR)
São Miguel da Boa Vista (SC)
São Miguel das Missões (RS)
São Pedro (SP)
São Pedro do Butiá (RS)
São Pedro do Ivaí (PR)
São Pedro do Turvo (SP)
São Roque de Minas (MG)
São Sebastião da Grama (SP)
São Simão (SP)
São Valentim (RS)
São Valentim do Sul (RS)
Tabapuã (SP)
Tabatinga (SP)
Taciba (SP)
Taguaí (SP)
Taiaçu (SP)
Taió (SC)
Taiúva (SP)
Tambaú (SP)
Tanabi (SP)
Tangará (SC)
Tapejara (PR)
Tapera (RS)
Tapira (MG)
Tapiratiba (SP)
Tapurah (MT)
Taquaral (SP)
Taquaritinga (SP)
Taquarituba (SP)
Taquarivaí (SP)
Taquaruçu do Sul (RS)
Tarabai (SP)
Tarumã (SP)
Tejupá (SP)
Tenente Portela (RS)
Teodoro Sampaio (SP)
Terra Boa (PR)
Terra Roxa (SP)
Tibagi (PR)
Tietê (SP)
Tigrinhos (SC)
Timburi (SP)
Timóteo (MG)
Tio Hugo (RS)
Tiradentes (MG)
Tiros (MG)
Torre de Pedra (SP)
Torrinha (SP)
Trabiju (SP)
Treze Tílias (SC)
Trindade do Sul (RS)
Triunfo (RS)
Trombudo Central (SC)
Três Arroios (RS)
Três Barras (SC)
Três Marias (MG)
Tucunduva (RS)
Tuiuti (SP)
Tunápolis (SC)
Tuparendi (RS)
Turiúba (SP)
Turmalina (SP)
Ubarana (SP)
Ubirajara (SP)
Ubiratã (PR)
Ubiretama (RS)
Uchoa (SP)
União Paulista (SP)
União da Serra (RS)
União do Oeste (SC)
Uraí (PR)
Uru (SP)
Urupês (SP)
Valinhos (SP)
Vanini (RS)
Vargem (SP)
Vargem Bonita (SC)
Vargem Grande do Sul (SP)
Vargeão (SC)
Vera Cruz (RS)
Vera Cruz (SP)
Veranópolis (RS)
Verê (PR)
Vespasiano Corrêa (RS)
Viadutos (RS)
Victor Graeff (RS)
Vila Flores (RS)
Vila Lângaro (RS)
Vila Maria (RS)
Vinhedo (SP)
Viradouro (SP)
Vista Alegre (RS)
Vista Alegre do Alto (SP)
Vista Alegre do Prata (RS)
Vista Gaúcha (RS)
Vitor Meireles (SC)
Vitorino (PR)
Vitória do Xingu (PA)
Wenceslau Braz (PR)
Witmarsum (SC)
Xangri-lá (RS)
Xavantina (SC)
Xaxim (SC)
Zacarias (SP)
Zortéa (SC)
Água Comprida (MG)
Água Doce (SC)
Água Santa (RS)
Águas Frias (SC)
Águas da Prata (SP)
Águas de Chapecó (SC)
Águas de Lindóia (SP)
Águas de Santa Bárbara (SP)
Águas de São Pedro (SP)
Álvares Florence (SP)
Álvares Machado (SP)
Ângulo (PR)
Óleo (SP)","Abadia dos Dourados (MG)
Abadiânia (GO)
Abreulândia (TO)
Acauã (PI)
Acorizal (MT)
Acrelândia (AC)
Acreúna (GO)
Adelândia (GO)
Aguiarnópolis (TO)
Alcinópolis (MS)
Alexânia (GO)
Aliança do Tocantins (TO)
Almas (TO)
Aloândia (GO)
Alta Floresta D'Oeste (RO)
Alto Alegre dos Parecis (RO)
Alto Araguaia (MT)
Alto Boa Vista (MT)
Alto Garças (MT)
Alto Horizonte (GO)
Alto Paraguai (MT)
Alto Paraíso (PR)
Alto Paraíso (RO)
Alto Paraíso de Goiás (GO)
Alto Parnaíba (MA)
Alto Piquiri (PR)
Alto Taquari (MT)
Altônia (PR)
Alvarães (AM)
Alvorada (TO)
Alvorada D'Oeste (RO)
Alvorada do Gurguéia (PI)
Alvorada do Norte (GO)
Amaporã (PR)
Amaralina (GO)
Amaturá (AM)
Americano do Brasil (GO)
Amorinópolis (GO)
Anamã (AM)
Ananás (TO)
Anastácio (MS)
Anaurilândia (MS)
Angical (BA)
Angico (TO)
Angélica (MS)
Anhanguera (GO)
Anicuns (GO)
Anori (AM)
Antônio João (MS)
Anísio de Abreu (PI)
Aparecida d'Oeste (SP)
Aparecida do Rio Doce (GO)
Aparecida do Rio Negro (TO)
Aparecida do Taboado (MS)
Apiacás (MT)
Aporé (GO)
Apuí (AM)
Aragarças (GO)
Aragoiânia (GO)
Aragominas (TO)
Araguacema (TO)
Araguaiana (MT)
Araguainha (MT)
Araguanã (TO)
Araguapaz (GO)
Araguari (MG)
Araguaçu (TO)
Aral Moreira (MS)
Arapoema (TO)
Araporã (MG)
Araputanga (MT)
Araçu (GO)
Arenápolis (MT)
Arenópolis (GO)
Arinos (MG)
Aripuanã (MT)
Arraias (TO)
Aruanã (GO)
Assis Brasil (AC)
Assis Chateaubriand (PR)
Atalaia do Norte (AM)
Auriflama (SP)
Aurilândia (GO)
Aurora do Tocantins (TO)
Autazes (AM)
Aveiro (PA)
Avelino Lopes (PI)
Avelinópolis (GO)
Babaçulândia (TO)
Baianópolis (BA)
Baixa Grande do Ribeiro (PI)
Baliza (GO)
Bandeirantes (MS)
Bandeirantes do Tocantins (TO)
Bannach (PA)
Barcelos (AM)
Barra do Bugres (MT)
Barra do Ouro (TO)
Barra do Quaraí (RS)
Barreiras do Piauí (PI)
Barreirinha (AM)
Barro Alto (GO)
Barrolândia (TO)
Barão de Melgaço (MT)
Bataguassu (MS)
Batayporã (MS)
Bela Vista (MS)
Bela Vista da Caroba (PR)
Bela Vista de Goiás (GO)
Bela Vista do Piauí (PI)
Belterra (PA)
Benjamin Constant (AM)
Bento de Abreu (SP)
Bernardo Sayão (TO)
Bertolínia (PI)
Beruri (AM)
Betânia do Piauí (PI)
Boa Vista da Aparecida (PR)
Boa Vista do Ramos (AM)
Boca do Acre (AM)
Bodoquena (MS)
Bom Jardim de Goiás (GO)
Bom Jesus de Goiás (GO)
Bom Jesus do Araguaia (MT)
Bom Jesus do Tocantins (TO)
Bonfim do Piauí (PI)
Bonfinópolis (GO)
Bonfinópolis de Minas (MG)
Bonito (MS)
Bonito de Minas (MG)
Bonópolis (GO)
Borba (AM)
Brasilândia (MS)
Brasilândia de Minas (MG)
Brasilândia do Sul (PR)
Brasilândia do Tocantins (TO)
Brasnorte (MT)
Brasília de Minas (MG)
Brazabrantes (GO)
Brejinho de Nazaré (TO)
Brejo do Piauí (PI)
Britânia (GO)
Buriti Alegre (GO)
Buriti de Goiás (GO)
Buritinópolis (GO)
Buritirama (BA)
Buritis (MG)
Buritis (RO)
Buritizeiro (MG)
Caapiranga (AM)
Caarapó (MS)
Cabeceira Grande (MG)
Cabeceiras (GO)
Cabixi (RO)
Cacaulândia (RO)
Cachoeira Alta (GO)
Cachoeira Dourada (GO)
Cachoeira Dourada (MG)
Cachoeira de Goiás (GO)
Cafelândia (PR)
Cafezal do Sul (PR)
Caiapônia (GO)
Caiuá (SP)
Caldazinha (GO)
Camapuã (MS)
Campestre de Goiás (GO)
Campina Verde (MG)
Campinas do Piauí (PI)
Campinaçu (GO)
Campinorte (GO)
Campinápolis (MT)
Campo Alegre de Goiás (GO)
Campo Alegre de Lourdes (BA)
Campo Alegre do Fidalgo (PI)
Campo Azul (MG)
Campo Florido (MG)
Campo Limpo de Goiás (GO)
Campo Novo de Rondônia (RO)
Campos Lindos (TO)
Campos Verdes (GO)
Canabrava do Norte (MT)
Canarana (MT)
Canutama (AM)
Canápolis (BA)
Canápolis (MG)
Capanema (PR)
Capinópolis (MG)
Capitão Gervásio Oliveira (PI)
Capitão Leônidas Marques (PR)
Capixaba (AC)
Caracol (MS)
Caracol (PI)
Carauari (AM)
Careiro (AM)
Careiro da Várzea (AM)
Carinhanha (BA)
Cariri do Tocantins (TO)
Carlinda (MT)
Carmo do Rio Verde (GO)
Carmolândia (TO)
Carneirinho (MG)
Caroebe (RR)
Carolina (MA)
Cascalho Rico (MG)
Caseara (TO)
Cassilândia (MS)
Castanheira (MT)
Castanheiras (RO)
Castelândia (GO)
Castilho (SP)
Catolândia (BA)
Caturaí (GO)
Cavalcante (GO)
Caçu (GO)
Centenário (TO)
Centralina (MG)
Cerejeiras (RO)
Cezarina (GO)
Chapada Gaúcha (MG)
Chapada da Natividade (TO)
Chapada de Areia (TO)
Chapada dos Guimarães (MT)
Chapadão do Céu (GO)
Chapadão do Sul (MS)
Chupinguaia (RO)
Cidade Gaúcha (PR)
Claro dos Poções (MG)
Cláudia (MT)
Cocalinho (MT)
Cocalzinho de Goiás (GO)
Cocos (BA)
Codajás (AM)
Colinas do Sul (GO)
Colméia (TO)
Colniza (MT)
Colorado do Oeste (RO)
Colíder (MT)
Colônia do Gurguéia (PI)
Combinado (TO)
Comendador Gomes (MG)
Comodoro (MT)
Conceição do Araguaia (PA)
Conceição do Canindé (PI)
Conceição do Tocantins (TO)
Conquista D'Oeste (MT)
Coração de Jesus (MG)
Corguinho (MS)
Coribe (BA)
Coromandel (MG)
Coronel José Dias (PI)
Coronel Sapucaia (MS)
Correntina (BA)
Corumbaíba (GO)
Corumbiara (RO)
Corumbá de Goiás (GO)
Costa Marques (RO)
Costa Rica (MS)
Cotegipe (BA)
Cotriguaçu (MT)
Couto Magalhães (TO)
Cristalina (GO)
Cristalândia (TO)
Cristalândia do Piauí (PI)
Cristianópolis (GO)
Cristino Castro (PI)
Cristópolis (BA)
Crixás (GO)
Crixás do Tocantins (TO)
Cromínia (GO)
Cujubim (RO)
Cumari (GO)
Cumaru do Norte (PA)
Curimatá (PI)
Curionópolis (PA)
Currais (PI)
Curuá (PA)
Curvelândia (MT)
Céu Azul (PR)
Córrego do Ouro (GO)
Cônego Marinho (MG)
Damianópolis (GO)
Damolândia (GO)
Darcinópolis (TO)
Davinópolis (GO)
Denise (MT)
Deodápolis (MS)
Diamante D'Oeste (PR)
Diamante do Norte (PR)
Diorama (GO)
Dirceu Arcoverde (PI)
Divinópolis de Goiás (GO)
Divinópolis do Tocantins (TO)
Dois Irmãos do Buriti (MS)
Dois Irmãos do Tocantins (TO)
Dolcinópolis (SP)
Dom Aquino (MT)
Dom Bosco (MG)
Dom Inocêncio (PI)
Douradina (MS)
Douradina (PR)
Douradoquara (MG)
Doverlândia (GO)
Dueré (TO)
Edealina (GO)
Edéia (GO)
Eldorado (MS)
Eldorado do Carajás (PA)
Eliseu Martins (PI)
Entre Rios do Oeste (PR)
Envira (AM)
Epitaciolândia (AC)
Esperança Nova (PR)
Espigão D'Oeste (RO)
Estrela do Norte (GO)
Estrela do Sul (MG)
Euclides da Cunha Paulista (SP)
Faina (GO)
Faro (PA)
Fartura do Piauí (PI)
Fazenda Nova (GO)
Feijó (AC)
Feira da Mata (BA)
Feliz Natal (MT)
Figueirão (MS)
Figueirópolis (TO)
Figueirópolis D'Oeste (MT)
Filadélfia (TO)
Firminópolis (GO)
Flores do Piauí (PI)
Floresta do Araguaia (PA)
Fonte Boa (AM)
Formosa (GO)
Formosa do Oeste (PR)
Formosa do Rio Preto (BA)
Formoso (GO)
Formoso (MG)
Formoso do Araguaia (TO)
Francisco Alves (PR)
Fronteira (MG)
Fátima (TO)
Fátima do Sul (MS)
Gameleira de Goiás (GO)
Gastão Vidigal (SP)
Gaúcha do Norte (MT)
General Carneiro (MT)
General Salgado (SP)
Gilbués (PI)
Glória D'Oeste (MT)
Glória de Dourados (MS)
Goiandira (GO)
Goianira (GO)
Goianorte (TO)
Goianápolis (GO)
Goianésia (GO)
Goiatins (TO)
Goiatuba (GO)
Gouvelândia (GO)
Governador Jorge Teixeira (RO)
Grupiara (MG)
Guairaçá (PR)
Guajará (AM)
Guajará-Mirim (RO)
Guaporema (PR)
Guapó (GO)
Guarani d'Oeste (SP)
Guarani de Goiás (GO)
Guarantã do Norte (MT)
Guaraçaí (SP)
Guaraíta (GO)
Guarda-Mor (MG)
Guaribas (PI)
Guarinos (GO)
Guaíra (PR)
Guia Lopes da Laguna (MS)
Guimarânia (MG)
Guiratinga (MT)
Gurinhatã (MG)
Guzolândia (SP)
Heitoraí (GO)
Hidrolina (GO)
Hidrolândia (GO)
Humaitá (AM)
Iaciara (GO)
Ibiaí (MG)
Ibiracatu (MG)
Icaraí de Minas (MG)
Icaraíma (PR)
Iguatemi (MS)
Inaciolândia (GO)
Indianópolis (MG)
Indiaporã (SP)
Indiara (GO)
Indiavaí (MT)
Inocência (MS)
Ipameri (GO)
Ipiaçu (MG)
Ipiranga de Goiás (GO)
Ipiranga do Norte (MT)
Ipixuna (AM)
Iporã (PR)
Ipueiras (TO)
Iracema (RR)
Iracema do Oeste (PR)
Iranduba (AM)
Irapuru (SP)
Iraí de Minas (MG)
Israelândia (GO)
Itaberaí (GO)
Itacajá (TO)
Itacarambi (MG)
Itaguari (GO)
Itaguaru (GO)
Itaipulândia (PR)
Itajá (GO)
Itamarati (AM)
Itanhangá (MT)
Itapaci (GO)
Itapagipe (MG)
Itapiranga (AM)
Itapirapuã (GO)
Itapiratins (TO)
Itaporã (MS)
Itaporã do Tocantins (TO)
Itapura (SP)
Itapuranga (GO)
Itapuã do Oeste (RO)
Itaquiraí (MS)
Itarumã (GO)
Itaueira (PI)
Itauçu (GO)
Itaúba (MT)
Itaúna do Sul (PR)
Itiquira (MT)
Ivaté (PR)
Ivinhema (MS)
Ivolândia (GO)
Jaborandi (BA)
Jacareacanga (PA)
Jacobina do Piauí (PI)
Jandaia (GO)
Jangada (MT)
Japonvar (MG)
Japorã (MS)
Japurá (AM)
Jaraguari (MS)
Jaraguá (GO)
Jataí (GO)
Jateí (MS)
Jaupaci (GO)
Jauru (MT)
Jaú do Tocantins (TO)
Jequitaí (MG)
Jesuítas (PR)
Jesúpolis (GO)
Jordão (AC)
Joviânia (GO)
João Costa (PI)
João Pinheiro (MG)
Juarina (TO)
Junqueirópolis (SP)
Jurema (PI)
Juruena (MT)
Juruti (PA)
Juruá (AM)
Juscimeira (MT)
Jussara (GO)
Jutaí (AM)
Juti (MS)
Juvenília (MG)
Júlio Borges (PI)
Ladário (MS)
Lagamar (MG)
Lagoa Grande (MG)
Lagoa Santa (GO)
Lagoa da Confusão (TO)
Lagoa do Barro do Piauí (PI)
Lagoa do Tocantins (TO)
Lagoa dos Patos (MG)
Laguna Carapã (MS)
Lajeado (TO)
Lambari D'Oeste (MT)
Lassance (MG)
Lavandeira (TO)
Lavínia (SP)
Leopoldo de Bulhões (GO)
Limeira do Oeste (MG)
Lindoeste (PR)
Lizarda (TO)
Lontra (MG)
Lourdes (SP)
Luciara (MT)
Luislândia (MG)
Luzinópolis (TO)
Luís Eduardo Magalhães (BA)
Machadinho D'Oeste (RO)
Magda (SP)
Mairipotaba (GO)
Mambaí (GO)
Manaquiri (AM)
Manga (MG)
Manoel Emídio (PI)
Manoel Urbano (AC)
Mansidão (BA)
Mara Rosa (GO)
Marabá Paulista (SP)
Maracaju (MS)
Maraã (AM)
Marcelândia (MT)
Marechal Thaumaturgo (AC)
Maria Helena (PR)
Marianópolis do Tocantins (TO)
Marilena (PR)
Mariluz (PR)
Maripá (PR)
Marzagão (GO)
Mateiros (TO)
Matelândia (PR)
Matrinchã (GO)
Matupá (MT)
Maurilândia (GO)
Maués (AM)
Mercedes (PR)
Mesópolis (SP)
Mimoso de Goiás (GO)
Minaçu (GO)
Ministro Andreazza (RO)
Mira Estrela (SP)
Mirabela (MG)
Mirador (PR)
Miranda (MS)
Mirandópolis (SP)
Miranorte (TO)
Mirante da Serra (RO)
Miravânia (MG)
Missal (PR)
Moiporá (GO)
Mojuí dos Campos (PA)
Montalvânia (MG)
Monte Alegre de Goiás (GO)
Monte Alegre de Minas (MG)
Monte Alegre do Piauí (PI)
Monte Castelo (SP)
Monte Negro (RO)
Monte Santo do Tocantins (TO)
Monte do Carmo (TO)
Montes Claros de Goiás (GO)
Montividiu (GO)
Montividiu do Norte (GO)
Morrinhos (GO)
Morro Agudo de Goiás (GO)
Morro Cabeça no Tempo (PI)
Mossâmedes (GO)
Mozarlândia (GO)
Mundo Novo (GO)
Mundo Novo (MS)
Muricilândia (TO)
Mutunópolis (GO)
Mâncio Lima (AC)
Natalândia (MG)
Natividade (TO)
Nazaré (TO)
Nazário (GO)
Nerópolis (GO)
Nhamundá (AM)
Nioaque (MS)
Niquelândia (GO)
Nobres (MT)
Nortelândia (MT)
Nossa Senhora do Livramento (MT)
Nova Alvorada do Sul (MS)
Nova América (GO)
Nova Aurora (GO)
Nova Aurora (PR)
Nova Bandeirantes (MT)
Nova Brasilândia (MT)
Nova Brasilândia D'Oeste (RO)
Nova Canaã do Norte (MT)
Nova Crixás (GO)
Nova Glória (GO)
Nova Guarita (MT)
Nova Guataporanga (SP)
Nova Iguaçu de Goiás (GO)
Nova Independência (SP)
Nova Lacerda (MT)
Nova Londrina (PR)
Nova Luzitânia (SP)
Nova Mamoré (RO)
Nova Marilândia (MT)
Nova Maringá (MT)
Nova Monte Verde (MT)
Nova Nazaré (MT)
Nova Olinda (TO)
Nova Olinda do Norte (AM)
Nova Olímpia (MT)
Nova Olímpia (PR)
Nova Prata do Iguaçu (PR)
Nova Roma (GO)
Nova Rosalândia (TO)
Nova Santa Helena (MT)
Nova Santa Rita (PI)
Nova Santa Rosa (PR)
Nova Ubiratã (MT)
Nova União (RO)
Nova Veneza (GO)
Nova Xavantina (MT)
Novo Acordo (TO)
Novo Airão (AM)
Novo Alegre (TO)
Novo Aripuanã (AM)
Novo Brasil (GO)
Novo Horizonte do Norte (MT)
Novo Horizonte do Oeste (RO)
Novo Horizonte do Sul (MS)
Novo Jardim (TO)
Novo Mundo (MT)
Novo Planalto (GO)
Novo Progresso (PA)
Novo Santo Antônio (MT)
Novo São Joaquim (MT)
Oliveira de Fátima (TO)
Orindiúva (SP)
Orizona (GO)
Ourilândia do Norte (PA)
Ouro Preto do Oeste (RO)
Ouro Verde (SP)
Ouro Verde de Goiás (GO)
Ouro Verde do Oeste (PR)
Ouroeste (SP)
Ouvidor (GO)
Pacaembu (SP)
Paes Landim (PI)
Pajeú do Piauí (PI)
Palestina (SP)
Palestina de Goiás (GO)
Palestina do Pará (PA)
Palmeira do Piauí (PI)
Palmeirante (TO)
Palmeiras do Tocantins (TO)
Palmeirópolis (TO)
Palmelo (GO)
Palminópolis (GO)
Palotina (PR)
Panamá (GO)
Panorama (SP)
Paracatu (MG)
Paranaiguara (GO)
Paranapuã (SP)
Paranatinga (MT)
Paranaíta (MT)
Paranhos (MS)
Paranã (TO)
Paraíso das Águas (MS)
Paraúna (GO)
Parecis (RO)
Parnaguá (PI)
Patis (MG)
Pato Bragado (PR)
Patos do Piauí (PI)
Pau D'Arco (PA)
Pau D'Arco (TO)
Pauini (AM)
Paulicéia (SP)
Paulo de Faria (SP)
Pavussu (PI)
Pedra Preta (MT)
Pedras de Maria da Cruz (MG)
Pedrinópolis (MG)
Pedro Afonso (TO)
Pedro Gomes (MS)
Pedro Laurentino (PI)
Peixe (TO)
Pequizeiro (TO)
Pereira Barreto (SP)
Perobal (PR)
Perolândia (GO)
Petrolina de Goiás (GO)
Pilar de Goiás (GO)
Pimenta Bueno (RO)
Pimenteiras do Oeste (RO)
Pindorama do Tocantins (TO)
Pintópolis (MG)
Piranhas (GO)
Piraquê (TO)
Pirenópolis (GO)
Pium (TO)
Piçarra (PA)
Placas (PA)
Planaltina (GO)
Planaltina do Paraná (PR)
Planalto (PR)
Planalto da Serra (MT)
Plácido de Castro (AC)
Poconé (MT)
Pontal do Araguaia (MT)
Pontalina (GO)
Pontalinda (SP)
Ponte Alta do Bom Jesus (TO)
Ponte Alta do Tocantins (TO)
Ponte Branca (MT)
Ponto Chique (MG)
Populina (SP)
Porteirão (GO)
Portelândia (GO)
Porto Acre (AC)
Porto Alegre do Norte (MT)
Porto Alegre do Tocantins (TO)
Porto Esperidião (MT)
Porto Estrela (MT)
Porto Murtinho (MS)
Porto Rico (PR)
Porto Walter (AC)
Porto dos Gaúchos (MT)
Posse (GO)
Poxoréu (MT)
Pranchita (PR)
Prata (MG)
Presidente Epitácio (SP)
Presidente Figueiredo (AM)
Presidente Kennedy (TO)
Presidente Médici (RO)
Presidente Olegário (MG)
Primavera de Rondônia (RO)
Professor Jamil (GO)
Pugmil (TO)
Pérola (PR)
Pérola d'Oeste (PR)
Queimada Nova (PI)
Querência (MT)
Querência do Norte (PR)
Ramilândia (PR)
Realeza (PR)
Recursolândia (TO)
Redenção do Gurguéia (PI)
Reserva do Cabaçal (MT)
Riachinho (MG)
Riachinho (TO)
Riacho Frio (PI)
Riachão (MA)
Riachão das Neves (BA)
Rialma (GO)
Rianápolis (GO)
Ribas do Rio Pardo (MS)
Ribeira do Piauí (PI)
Ribeiro Gonçalves (PI)
Ribeirão Cascalheira (MT)
Ribeirão dos Índios (SP)
Ribeirãozinho (MT)
Rio Branco (MT)
Rio Brilhante (MS)
Rio Crespo (RO)
Rio Grande do Piauí (PI)
Rio Maria (PA)
Rio Negro (MS)
Rio Quente (GO)
Rio Sono (TO)
Rio Verde de Mato Grosso (MS)
Rio da Conceição (TO)
Rio dos Bois (TO)
Riolândia (SP)
Rochedo (MS)
Rodrigues Alves (AC)
Rolim de Moura (RO)
Romaria (MG)
Rondolândia (MT)
Rosana (SP)
Rosário Oeste (MT)
Rubiataba (GO)
Rurópolis (PA)
Salto do Céu (MT)
Sanclerlândia (GO)
Sandolândia (TO)
Santa Albertina (SP)
Santa Bárbara de Goiás (GO)
Santa Carmem (MT)
Santa Clara d'Oeste (SP)
Santa Cruz de Goiás (GO)
Santa Cruz de Monte Castelo (PR)
Santa Cruz do Xingu (MT)
Santa Filomena (PI)
Santa Fé de Goiás (GO)
Santa Fé de Minas (MG)
Santa Fé do Araguaia (TO)
Santa Helena (PR)
Santa Helena de Goiás (GO)
Santa Isabel (GO)
Santa Isabel do Ivaí (PR)
Santa Isabel do Rio Negro (AM)
Santa Izabel do Oeste (PR)
Santa Luz (PI)
Santa Luzia D'Oeste (RO)
Santa Lúcia (PR)
Santa Maria das Barreiras (PA)
Santa Maria do Tocantins (TO)
Santa Mercedes (SP)
Santa Mônica (PR)
Santa Rita de Cássia (BA)
Santa Rita do Araguaia (GO)
Santa Rita do Novo Destino (GO)
Santa Rita do Pardo (MS)
Santa Rita do Tocantins (TO)
Santa Rita do Trivelato (MT)
Santa Rosa de Goiás (GO)
Santa Rosa do Purus (AC)
Santa Rosa do Tocantins (TO)
Santa Tereza de Goiás (GO)
Santa Tereza do Oeste (PR)
Santa Tereza do Tocantins (TO)
Santa Terezinha (MT)
Santa Terezinha de Goiás (GO)
Santa Terezinha de Itaipu (PR)
Santa Terezinha do Tocantins (TO)
Santa Vitória (MG)
Santana (BA)
Santana do Araguaia (PA)
Santo Afonso (MT)
Santo Antônio da Barra (GO)
Santo Antônio de Goiás (GO)
Santo Antônio do Aracanguá (SP)
Santo Antônio do Descoberto (GO)
Santo Antônio do Içá (AM)
Santo Antônio do Leste (MT)
Sapucaia (PA)
Sebastião Barros (PI)
Selvíria (MS)
Seringueiras (RO)
Serra Dourada (BA)
Serra Nova Dourada (MT)
Serranópolis (GO)
Serranópolis do Iguaçu (PR)
Sete Quedas (MS)
Sidrolândia (MS)
Silvanópolis (TO)
Silves (AM)
Silvânia (GO)
Simolândia (GO)
Socorro do Piauí (PI)
Sonora (MS)
Sucupira (TO)
Sud Mennucci (SP)
Suzanápolis (SP)
São Braz do Piauí (PI)
São Desidério (BA)
São Domingos (GO)
São Domingos do Araguaia (PA)
São Felipe D'Oeste (RO)
São Francisco de Assis do Piauí (PI)
São Francisco de Goiás (GO)
São Francisco de Sales (MG)
São Francisco do Guaporé (RO)
São Félix do Araguaia (MT)
São Félix do Coribe (BA)
São Félix do Tocantins (TO)
São Félix do Xingu (PA)
São Gabriel do Oeste (MS)
São Geraldo do Araguaia (PA)
São Gonçalo do Abaeté (MG)
São Gonçalo do Gurguéia (PI)
São Jorge do Patrocínio (PR)
São José das Palmeiras (PR)
São José do Povo (MT)
São José do Rio Claro (MT)
São José do Xingu (MT)
São José dos Quatro Marcos (MT)
São João d'Aliança (GO)
São João da Baliza (RR)
São João da Lagoa (MG)
São João da Paraúna (GO)
São João da Ponte (MG)
São João das Duas Pontes (SP)
São João das Missões (MG)
São João de Iracema (SP)
São João do Araguaia (PA)
São João do Pacuí (MG)
São João do Pau d'Alho (SP)
São Lourenço do Piauí (PI)
São Luiz (RR)
São Luiz do Norte (GO)
São Miguel do Araguaia (GO)
São Miguel do Fidalgo (PI)
São Miguel do Guaporé (RO)
São Miguel do Iguaçu (PR)
São Miguel do Passa Quatro (GO)
São Patrício (GO)
São Paulo de Olivença (AM)
São Pedro da Cipa (MT)
São Pedro do Iguaçu (PR)
São Pedro do Paraná (PR)
São Romão (MG)
São Salvador do Tocantins (TO)
São Sebastião do Uatumã (AM)
São Simão (GO)
São Valério (TO)
Sítio d'Abadia (GO)
Tabaporã (MT)
Tabocas do Brejo Velho (BA)
Tabocão (TO)
Tacuru (MS)
Taguatinga (TO)
Taipas do Tocantins (TO)
Talismã (TO)
Tamboril do Piauí (PI)
Tapauá (AM)
Tapira (PR)
Taquaral de Goiás (GO)
Taquarussu (MS)
Tasso Fragoso (MA)
Teixeirópolis (RO)
Teresina de Goiás (GO)
Terezópolis de Goiás (GO)
Terra Nova do Norte (MT)
Terra Rica (PR)
Terra Roxa (PR)
Terra Santa (PA)
Tesouro (MT)
Theobroma (RO)
Tocantínia (TO)
Tonantins (AM)
Torixoréu (MT)
Trairão (PA)
Trombas (GO)
Três Fronteiras (SP)
Três Ranchos (GO)
Tupaciguara (MG)
Tupi Paulista (SP)
Tupirama (TO)
Tupiratins (TO)
Tupãssi (PR)
Turvelândia (GO)
Turvânia (GO)
Uarini (AM)
Ubaí (MG)
Uirapuru (GO)
União de Minas (MG)
União do Sul (MT)
Uruana (GO)
Uruana de Minas (MG)
Urucará (AM)
Urucuia (MG)
Urucurituba (AM)
Urupá (RO)
Urutaí (GO)
Urânia (SP)
Vale de São Domingos (MT)
Vale do Anari (RO)
Vale do Paraíso (RO)
Valentim Gentil (SP)
Valparaíso (SP)
Varjão (GO)
Varjão de Minas (MG)
Varzelândia (MG)
Vazante (MG)
Vera (MT)
Vera Cruz do Oeste (PR)
Vera Mendes (PI)
Veríssimo (MG)
Vianópolis (GO)
Vicentina (MS)
Vicentinópolis (GO)
Vila Bela da Santíssima Trindade (MT)
Vila Boa (GO)
Vila Propício (GO)
Vila Rica (MT)
Vitória Brasil (SP)
Várzea Branca (PI)
Várzea da Palma (MG)
Wanderley (BA)
Wanderlândia (TO)
Xambioá (TO)
Xambrê (PR)
Xapuri (AC)
Água Azul do Norte (PA)
Água Clara (MS)
Água Fria de Goiás (GO)
Água Limpa (GO)","Abreu e Lima (PE)
Acajutiba (BA)
Acarape (CE)
Adrianópolis (PR)
Afonso Bezerra (RN)
Afuá (PA)
Alcobaça (BA)
Alcântara (MA)
Alfredo Chaves (ES)
Alhandra (PB)
Aliança (PE)
Alto do Rodrigues (RN)
Amapá (AP)
Amapá do Maranhão (MA)
Amaraji (PE)
Amaral Ferrador (RS)
Amontada (CE)
Amélia Rodrigues (BA)
Anadia (AL)
Anajatuba (MA)
Anajás (PA)
Anchieta (ES)
Angelina (SC)
Angicos (RN)
Anitápolis (SC)
Antonina (PR)
Antônio Cardoso (BA)
Antônio Carlos (SC)
Apicum-Açu (MA)
Aquidabã (SE)
Aquiraz (CE)
Aracruz (ES)
Araioses (MA)
Aramari (BA)
Arambaré (RS)
Arapeí (SP)
Araquari (SC)
Araruama (RJ)
Arataca (BA)
Aratuípe (BA)
Arauá (SE)
Araçagi (PB)
Araçoiaba (PE)
Araçás (BA)
Areal (RJ)
Areia Branca (RN)
Areia Branca (SE)
Areias (SP)
Armazém (SC)
Armação dos Búzios (RJ)
Arraial do Cabo (RJ)
Arroio Grande (RS)
Arroio do Padre (RS)
Arroio do Sal (RS)
Arroio dos Ratos (RS)
Arês (RN)
Atílio Vivácqua (ES)
Augusto Corrêa (PA)
Aurelino Leal (BA)
Axixá (MA)
Bacabeira (MA)
Bacuri (MA)
Bacurituba (MA)
Balneário Arroio do Silva (SC)
Balneário Barra do Sul (SC)
Balneário Gaivota (SC)
Balneário Pinhal (RS)
Balneário Piçarras (SC)
Balneário Rincão (SC)
Bananal (SP)
Baraúna (RN)
Barra Mansa (RJ)
Barra Velha (SC)
Barra de Santo Antônio (AL)
Barra de São Miguel (AL)
Barra do Piraí (RJ)
Barra do Ribeiro (RS)
Barra do Turvo (SP)
Barra dos Coqueiros (SE)
Barreira (CE)
Barro Preto (BA)
Barroquinha (CE)
Barão do Triunfo (RS)
Baía Formosa (RN)
Baía da Traição (PB)
Beberibe (CE)
Bela Cruz (CE)
Belmonte (BA)
Bento Fernandes (RN)
Bequimão (MA)
Bertioga (SP)
Biritiba Mirim (SP)
Boa Esperança (ES)
Boca da Mata (AL)
Bocaiúva do Sul (PR)
Bom Jardim (RJ)
Bom Jardim da Serra (SC)
Bom Jesus (RN)
Bom Princípio do Piauí (PI)
Bombinhas (SC)
Bonito (PA)
Boquim (SE)
Botuverá (SC)
Braço do Norte (SC)
Brejinho (RN)
Brejo Grande (SE)
Buenos Aires (PE)
Buerarema (BA)
Buriti dos Lopes (PI)
Caaporã (PB)
Cabaceiras do Paraguaçu (BA)
Cachoeira (BA)
Cachoeira Grande (MA)
Cachoeira Paulista (SP)
Cachoeira do Arari (PA)
Cachoeiras de Macacu (RJ)
Cairu (BA)
Caiçara (PB)
Caiçara do Norte (RN)
Cajapió (MA)
Cajati (SP)
Cajueiro (AL)
Cajueiro da Praia (PI)
Caldas Brandão (PB)
Calçoene (AP)
Camamu (BA)
Camaçari (BA)
Cambará do Sul (RS)
Camboriú (SC)
Campestre (AL)
Campina Grande do Sul (PR)
Campo Alegre (AL)
Campo Alegre (SC)
Campo Bom (RS)
Campo do Brito (SE)
Camutanga (PE)
Cananéia (SP)
Canas (SP)
Canavieiras (BA)
Candeias (BA)
Canelinha (SC)
Canguçu (RS)
Capela (AL)
Capela (SE)
Capela de Santana (RS)
Capim (PB)
Capivari de Baixo (SC)
Capivari do Sul (RS)
Capão da Canoa (RS)
Capão do Leão (RS)
Carapebus (RJ)
Caravelas (BA)
Caraá (RS)
Cardeal da Silva (BA)
Cardoso Moreira (RJ)
Carmópolis (SE)
Carnaubais (RN)
Carutapera (MA)
Cascavel (CE)
Casimiro de Abreu (RJ)
Castelo (ES)
Castro Alves (BA)
Catu (BA)
Caxingó (PI)
Ceará-Mirim (RN)
Cedral (MA)
Cedro de São João (SE)
Central do Maranhão (MA)
Cerrito (RS)
Cerro Grande do Sul (RS)
Chaval (CE)
Chaves (PA)
Chorozinho (CE)
Chuvisca (RS)
Chuí (RS)
Chã de Alegria (PE)
Cidreira (RS)
Coaraci (BA)
Cocal (PI)
Cocal do Sul (SC)
Colares (PA)
Colônia Leopoldina (AL)
Conceição da Barra (ES)
Conceição da Feira (BA)
Conceição de Macabu (RJ)
Conceição do Almeida (BA)
Conceição do Jacuípe (BA)
Condado (PE)
Conde (BA)
Conde (PB)
Coqueiro Seco (AL)
Coração de Maria (BA)
Cortês (PE)
Coruripe (AL)
Cristal (RS)
Cristinápolis (SE)
Cruz (CE)
Cruz do Espírito Santo (PB)
Cubatão (SP)
Cuité de Mamanguape (PB)
Cumbe (SE)
Cunha (SP)
Curral de Cima (PB)
Curuçá (PA)
Cutias (AP)
Cândido Mendes (MA)
Dias d'Ávila (BA)
Divina Pastora (SE)
Dois Irmãos (RS)
Dom Macedo Costa (BA)
Dom Pedro de Alcântara (RS)
Domingos Martins (ES)
Duas Estradas (PB)
Eldorado (SP)
Engenheiro Paulo de Frontin (RJ)
Entre Rios (BA)
Ermo (SC)
Esplanada (BA)
Espírito Santo (RN)
Estância Velha (RS)
Feira Nova (PE)
Feliz Deserto (AL)
Ferreira Gomes (AP)
Ferreiros (PE)
Flexeiras (AL)
Forquilhinha (SC)
Fortim (CE)
Fundão (ES)
Galinhos (RN)
Gameleira (PE)
Gandu (BA)
Garopaba (SC)
Garuva (SC)
Gaspar (SC)
General Câmara (RS)
General Maynard (SE)
Glorinha (RS)
Glória do Goitá (PE)
Godofredo Viana (MA)
Goianinha (RN)
Gongogi (BA)
Governador Celso Ramos (SC)
Governador Mangabeira (BA)
Granja (CE)
Gravatal (SC)
Gravataí (RS)
Grossos (RN)
Guabiruba (SC)
Guaiúba (CE)
Guamaré (RN)
Guapimirim (RJ)
Guaramirim (SC)
Guarapari (ES)
Guaraqueçaba (PR)
Guararema (SP)
Guaratuba (PR)
Guarujá (SP)
Guaíba (RS)
Guimarães (MA)
Harmonia (RS)
Horizonte (CE)
Humberto de Campos (MA)
Ibicaraí (BA)
Ibirapitanga (BA)
Ibirapuã (BA)
Ibiraçu (ES)
Ibiúna (SP)
Icapuí (CE)
Icatu (MA)
Iconha (ES)
Ielmo Marinho (RN)
Igarapé-Açu (PA)
Igarassu (PE)
Igrapiúna (BA)
Igreja Nova (AL)
Iguaba Grande (RJ)
Iguape (SP)
Ilha Comprida (SP)
Ilha Grande (PI)
Ilha das Flores (SE)
Ilha de Itamaracá (PE)
Ilhota (SC)
Imaruí (SC)
Imbituba (SC)
Imbé (RS)
Indiaroba (SE)
Ipanguaçu (RN)
Ipojuca (PE)
Irará (BA)
Itabaianinha (SE)
Itabela (BA)
Itaboraí (RJ)
Itabuna (BA)
Itacaré (BA)
Itaiçaba (CE)
Itajuípe (BA)
Itamaraju (BA)
Itambé (PE)
Itanagra (BA)
Itanhaém (SP)
Itaparica (BA)
Itapebi (BA)
Itapemirim (ES)
Itapissuma (PE)
Itapitanga (BA)
Itaporanga d'Ajuda (SE)
Itapororoca (PB)
Itapoá (SC)
Itapé (BA)
Itaquitinga (PE)
Itarema (CE)
Itariri (SP)
Itati (RS)
Itatiaia (RJ)
Ituberá (BA)
Ivoti (RS)
Içara (SC)
Jacaraú (PB)
Jacareí (SP)
Jacinto Machado (SC)
Jacupiranga (SP)
Jacuípe (AL)
Jaguaripe (BA)
Jaguaruana (CE)
Jaguaruna (SC)
Jaguaré (ES)
Jambeiro (SP)
Jandaíra (BA)
Jandaíra (RN)
Januário Cicco (RN)
Japaratinga (AL)
Japaratuba (SE)
Japoatã (SE)
Jaraguá do Sul (SC)
Jardim de Angicos (RN)
Jequiá da Praia (AL)
Jijoca de Jericoacoara (CE)
Joaquim Gomes (AL)
Joaquim Nabuco (PE)
João Neiva (ES)
Jundiá (AL)
Jundiá (RN)
Junqueiro (AL)
Juquitiba (SP)
Juquiá (SP)
Juripiranga (PB)
Jussari (BA)
Lagoa Salgada (RN)
Lagoa de Dentro (PB)
Lagoa de Itaenga (PE)
Lagoa de Pedras (RN)
Lagoa do Carro (PE)
Lagoinha (SP)
Laguna (SC)
Laje (BA)
Lajes (RN)
Laranjeiras (SE)
Lauro Müller (SC)
Limoeiro de Anadia (AL)
Lindolfo Collor (RS)
Logradouro (PB)
Lorena (SP)
Lucena (PB)
Luiz Alves (SC)
Luís Correia (PI)
Luís Domingues (MA)
Macau (RN)
Madre de Deus (BA)
Magalhães Barata (PA)
Magalhães de Almeida (MA)
Magé (RJ)
Major Gercino (SC)
Malhada dos Bois (SE)
Malhador (SE)
Mampituba (RS)
Mangaratiba (RJ)
Maquiné (RS)
Maracajá (SC)
Maracanã (PA)
Maragogi (AL)
Maragogipe (BA)
Maranguape (CE)
Marapanim (PA)
Marataízes (ES)
Maraú (BA)
Marcação (PB)
Marco (CE)
Marechal Deodoro (AL)
Marechal Floriano (ES)
Mari (PB)
Mariana Pimentel (RS)
Maribondo (AL)
Marilândia (ES)
Martinópole (CE)
Maruim (SE)
Mascote (BA)
Massaranduba (SC)
Mata de São João (BA)
Mataraca (PB)
Matinha (MA)
Matinhos (PR)
Matriz de Camaragibe (AL)
Maxaranguape (RN)
Meleiro (SC)
Mendes (RJ)
Messias (AL)
Miguel Pereira (RJ)
Mimoso do Sul (ES)
Miracatu (SP)
Miraíma (CE)
Mirinzal (MA)
Moita Bonita (SE)
Mongaguá (SP)
Montanha (ES)
Montanhas (RN)
Monte Alegre (RN)
Morada Nova (CE)
Moreno (PE)
Morretes (PR)
Morrinhos (CE)
Morrinhos do Sul (RS)
Morro Grande (SC)
Morro Redondo (RS)
Morro da Fumaça (SC)
Morros (MA)
Mostardas (RS)
Mucuri (BA)
Mulungu (PB)
Muniz Ferreira (BA)
Muqui (ES)
Muribeca (SE)
Murici (AL)
Muritiba (BA)
Mutuípe (BA)
Natividade da Serra (SP)
Navegantes (SC)
Nazaré da Mata (PE)
Neópolis (SE)
Nilo Peçanha (BA)
Nossa Senhora das Dores (SE)
Nova Cruz (RN)
Nova Timboteua (PA)
Nova Trento (SC)
Nova Veneza (SC)
Nova Viçosa (BA)
Novo Lino (AL)
Nísia Floresta (RN)
Ocara (CE)
Olinda Nova do Maranhão (MA)
Orleans (SC)
Osório (RS)
Pacajus (CE)
Pacatuba (SE)
Palhano (CE)
Palmares do Sul (RS)
Palmeirândia (MA)
Palmácia (CE)
Paracambi (RJ)
Paracuru (CE)
Paraibuna (SP)
Paraipaba (CE)
Paraty (RJ)
Parazinho (RN)
Paraíba do Sul (RJ)
Pareci Novo (RS)
Pariquera-Açu (SP)
Passagem (RN)
Passo de Camaragibe (AL)
Passo de Torres (SC)
Paty do Alferes (RJ)
Paudalho (PE)
Paulino Neves (MA)
Paulo Lopes (SC)
Pedra Grande (RN)
Pedra Preta (RN)
Pedras Grandes (SC)
Pedras de Fogo (PB)
Pedrinhas (SE)
Pedro Avelino (RN)
Pedro Canário (ES)
Pedro Osório (RS)
Pedro Régis (PB)
Pedro Velho (RN)
Pedro de Toledo (SP)
Pedrão (BA)
Peixe-Boi (PA)
Pendências (RN)
Penha (SC)
Pentecoste (CE)
Peri Mirim (MA)
Peruíbe (SP)
Pescaria Brava (SC)
Piaçabuçu (AL)
Pilar (AL)
Pilar (PB)
Pindoretama (CE)
Pinheiral (RJ)
Pinheiros (ES)
Pirambu (SE)
Piraí (RJ)
Piraí do Norte (BA)
Pitimbu (PB)
Piúma (ES)
Pojuca (BA)
Pombos (PE)
Pomerode (SC)
Ponta de Pedras (PA)
Pontal do Paraná (PR)
Porto Belo (SC)
Porto Real (RJ)
Porto Real do Colégio (AL)
Porto Rico do Maranhão (MA)
Porto Seguro (BA)
Porto de Pedras (AL)
Porto do Mangue (RN)
Portão (RS)
Poço Branco (RN)
Pracuúba (AP)
Prado (BA)
Praia Grande (SC)
Praia Grande (SP)
Presidente Juscelino (MA)
Presidente Kennedy (ES)
Presidente Lucena (RS)
Presidente Tancredo Neves (BA)
Primavera (PA)
Primavera (PE)
Primeira Cruz (MA)
Pureza (RN)
Quatipuru (PA)
Quatis (RJ)
Quatro Barras (PR)
Quissamã (RJ)
Quixeré (CE)
Rancho Queimado (SC)
Raposa (MA)
Redenção da Serra (SP)
Riachuelo (SE)
Riachão do Dantas (SE)
Riachão do Poço (PB)
Ribeirão (PE)
Rio Bananal (ES)
Rio Claro (RJ)
Rio Formoso (PE)
Rio Fortuna (SC)
Rio Grande (RS)
Rio Grande da Serra (SP)
Rio Novo do Sul (ES)
Rio Real (BA)
Rio Tinto (PB)
Rio das Ostras (RJ)
Rio do Fogo (RN)
Riozinho (RS)
Rolante (RS)
Rosário (MA)
Rosário do Catete (SE)
Roteiro (AL)
Salesópolis (SP)
Salgado (SE)
Salinas da Margarida (BA)
Salinópolis (PA)
Sangão (SC)
Santa Branca (SP)
Santa Cruz Cabrália (BA)
Santa Cruz do Arari (PA)
Santa Helena (MA)
Santa Isabel (SP)
Santa Leopoldina (ES)
Santa Luzia (BA)
Santa Luzia do Itanhy (SE)
Santa Luzia do Norte (AL)
Santa Luzia do Pará (PA)
Santa Maria (RN)
Santa Maria Madalena (RJ)
Santa Maria de Jetibá (ES)
Santa Rita (MA)
Santa Rosa de Lima (SC)
Santa Rosa de Lima (SE)
Santa Rosa do Sul (SC)
Santa Teresa (ES)
Santa Vitória do Palmar (RS)
Santana do Maranhão (MA)
Santana do São Francisco (SE)
Santarém Novo (PA)
Santo Amaro (BA)
Santo Amaro da Imperatriz (SC)
Santo Amaro das Brotas (SE)
Santo Amaro do Maranhão (MA)
Santo Antônio da Patrulha (RS)
Santo Antônio do Tauá (PA)
Santo Estêvão (BA)
Sapeaçu (BA)
Sapiranga (RS)
Sapé (PB)
Saquarema (RJ)
Saubara (BA)
Schroeder (SC)
Senador Elói de Souza (RN)
Senador Georgino Avelino (RN)
Senador Sá (CE)
Sentinela do Sul (RS)
Serra do Mel (RN)
Serrano do Maranhão (MA)
Serrinha (RN)
Sertão Santana (RS)
Sertãozinho (PB)
Sete Barras (SP)
Siderópolis (SC)
Silva Jardim (RJ)
Silveiras (SP)
Sirinhaém (PE)
Siriri (SE)
Sobrado (PB)
Sombrio (SC)
Sooretama (ES)
Soure (PA)
São Bento (MA)
São Bento do Norte (RN)
São Bernardo (MA)
São Bonifácio (SC)
São Caetano de Odivelas (PA)
São Felipe (BA)
São Francisco (SE)
São Francisco de Itabapoana (RJ)
São Francisco de Paula (RS)
São Francisco do Conde (BA)
São Francisco do Pará (PA)
São Francisco do Sul (SC)
São Félix (BA)
São Gonçalo (RJ)
São Gonçalo do Amarante (CE)
São Gonçalo dos Campos (BA)
São Jerônimo (RS)
São José da Coroa Grande (PE)
São José da Vitória (BA)
São José de Mipibu (RN)
São José do Barreiro (SP)
São José do Hortêncio (RS)
São José do Norte (RS)
São José do Sul (RS)
São José do Vale do Rio Preto (RJ)
São João Batista (MA)
São João Batista (SC)
São João da Barra (RJ)
São João da Ponta (PA)
São João de Pirabas (PA)
São João do Itaperiú (SC)
São João do Sul (SC)
São Leopoldo (RS)
São Lourenço da Serra (SP)
São Lourenço do Sul (RS)
São Ludgero (SC)
São Luís do Curu (CE)
São Luís do Quitunde (AL)
São Martinho (SC)
São Miguel das Matas (BA)
São Miguel de Taipu (PB)
São Miguel do Gostoso (RN)
São Miguel dos Milagres (AL)
São Pedro (RN)
São Pedro da Aldeia (RJ)
São Pedro de Alcântara (SC)
São Roque do Canaã (ES)
São Sebastião (AL)
São Sebastião (SP)
São Sebastião do Caí (RS)
São Sebastião do Passé (BA)
São Vicente (SP)
São Vicente Ferrer (MA)
Tacima (PB)
Taipu (RN)
Tamandaré (PE)
Tanguá (RJ)
Taperoá (BA)
Tapes (RS)
Taquari (RS)
Tartarugalzinho (AP)
Tavares (RS)
Telha (SE)
Teodoro Sampaio (BA)
Teolândia (BA)
Teotônio Vilela (AL)
Teresópolis (RJ)
Terra Alta (PA)
Terra Nova (BA)
Terra de Areia (RS)
Tibau (RN)
Tibau do Sul (RN)
Tijucas (SC)
Tijucas do Sul (PR)
Timbaúba (PE)
Timbé do Sul (SC)
Tomar do Geru (SE)
Touros (RN)
Tracuateua (PA)
Tracunhaém (PE)
Trairi (CE)
Trajano de Moraes (RJ)
Treviso (SC)
Treze de Maio (SC)
Três Cachoeiras (RS)
Três Forquilhas (RS)
Tunas do Paraná (PR)
Turiaçu (MA)
Turilândia (MA)
Tururu (CE)
Turuçu (RS)
Turvo (SC)
Ubaitaba (BA)
Ubatuba (SP)
Umbaúba (SE)
Umirim (CE)
Una (BA)
Uruburetama (CE)
Uruoca (CE)
Urussanga (SC)
Uruçuca (BA)
Vargem Alta (ES)
Varzedo (BA)
Vassouras (RJ)
Vera Cruz (BA)
Vera Cruz (RN)
Vereda (BA)
Vicência (PE)
Vigia (PA)
Vila Flor (RN)
Viseu (PA)
Viçosa do Ceará (CE)
Várzea (RN)
Wenceslau Guimarães (BA)
Xexéu (PE)
Água Doce do Maranhão (MA)
Água Preta (PE)
Águas Mornas (SC)","Acará (PA)
Agrestina (PE)
Agudos do Sul (PR)
Aiquara (BA)
Aiuruoca (MG)
Alagoa (MG)
Alagoa Grande (PB)
Alagoa Nova (PB)
Alagoinha (PB)
Alcântaras (CE)
Alfredo Wagner (SC)
Algodão de Jandaíra (PB)
Almadina (BA)
Altinho (PE)
Alto Feliz (RS)
Alumínio (SP)
Amargosa (BA)
Amparo do São Francisco (SE)
Anapurus (MA)
Angelim (PE)
Anguera (BA)
Aparecida (SP)
Aperibé (RJ)
Apiacá (ES)
Apiaí (SP)
Apiúna (SC)
Apodi (RN)
Aporá (BA)
Apuarema (BA)
Apuiarés (CE)
Aracoiaba (CE)
Arara (PB)
Arari (MA)
Araricá (RS)
Araruna (PB)
Aratuba (CE)
Araçariguama (SP)
Areia (PB)
Aroeiras (PB)
Arroio do Meio (RS)
Ascurra (SC)
Atibaia (SP)
Aurora (SC)
Baependi (MG)
Baixo Guandu (ES)
Balsa Nova (PR)
Bananeiras (PB)
Barcarena (PA)
Barcelona (RN)
Barra de Guabiraba (PE)
Barra do Rocha (BA)
Barão (RS)
Batalha (AL)
Batalha (PI)
Baturité (CE)
Belmiro Braga (MG)
Belo Monte (AL)
Belágua (MA)
Belém (AL)
Belém (PB)
Belém de Maria (PE)
Benedito Novo (SC)
Benevides (PA)
Bezerros (PE)
Bicas (MG)
Biritinga (BA)
Boa Vista do Gurupi (MA)
Boa Vista do Sul (RS)
Bocaina de Minas (MG)
Bodó (RN)
Bom Conselho (PE)
Bom Jardim (PE)
Bom Jardim de Minas (MG)
Bom Jesus (RS)
Bom Jesus do Itabapoana (RJ)
Bom Jesus do Norte (ES)
Bom Jesus dos Perdões (SP)
Bom Princípio (RS)
Bom Retiro (SC)
Bom Retiro do Sul (RS)
Bonito (PE)
Borborema (PB)
Branquinha (AL)
Brejetuba (ES)
Brejo (MA)
Brejões (BA)
Brochier (RS)
Bujaru (PA)
Butiá (RS)
Cabreúva (SP)
Cachoeira do Piriá (PA)
Cacimba de Dentro (PB)
Caiçara do Rio do Vento (RN)
Cajari (MA)
Camanducaia (MG)
Cambuci (RJ)
Camocim de São Félix (PE)
Campo Grande (AL)
Campo Grande (RN)
Campo Limpo Paulista (SP)
Campo do Tenente (PR)
Campos do Jordão (SP)
Candeal (BA)
Canela (RS)
Canhoba (SE)
Canhotinho (PE)
Cantagalo (RJ)
Cantanhede (MA)
Capistrano (CE)
Capão Bonito (SP)
Caraúbas (RN)
Caraúbas do Piauí (PI)
Caridade (CE)
Carira (SE)
Carmo (RJ)
Carvalhos (MG)
Casinhas (PE)
Casserengue (PB)
Catende (PE)
Caçapava (SP)
Centro Novo do Maranhão (MA)
Centro do Guilherme (MA)
Cerro Azul (PR)
Cerro Corá (RN)
Chapadão do Lageado (SC)
Chiador (MG)
Chã Grande (PE)
Chã Preta (AL)
Cocal dos Alves (PI)
Coité do Nóia (AL)
Colinas (RS)
Comendador Levy Gasparian (RJ)
Conceição do Castelo (ES)
Conceição do Lago-Açu (MA)
Contenda (PR)
Cordeiro (RJ)
Coreaú (CE)
Coronel Pilar (RS)
Correntes (PE)
Corupá (SC)
Cravolândia (BA)
Craíbas (AL)
Crisópolis (BA)
Cruzeiro do Sul (RS)
Cuitegi (PB)
Cumaru (PE)
Cupira (PE)
Damião (PB)
Delfim Moreira (MG)
Divino de São Lourenço (ES)
Dom Feliciano (RS)
Dona Inês (PB)
Doutor Pedrinho (SC)
Doutor Ulysses (PR)
Duas Barras (RJ)
Dário Meira (BA)
Ecoporanga (ES)
Elísio Medrado (BA)
Encruzilhada do Sul (RS)
Esperança (PB)
Estrela (RS)
Estrela Dalva (MG)
Estrela de Alagoas (AL)
Fagundes (PB)
Farroupilha (RS)
Fazenda Vilanova (RS)
Feira Grande (AL)
Feira Nova (SE)
Felipe Guerra (RN)
Feliz (RS)
Fernando Pedroza (RN)
Firmino Alves (BA)
Flores da Cunha (RS)
Floresta Azul (BA)
Forquilha (CE)
Francisco Morato (SP)
Franco da Rocha (SP)
Frecheirinha (CE)
Frei Paulo (SE)
Gado Bravo (PB)
Gararu (SE)
General Sampaio (CE)
Girau do Ponciano (AL)
Governador Dix-Sept Rosado (RN)
Governador Lindenberg (ES)
Graccho Cardoso (SE)
Gravatá (PE)
Grão-Pará (SC)
Guapiara (SP)
Guaramiranga (CE)
Guarará (MG)
Guaratinga (BA)
Guaçuí (ES)
Gurinhém (PB)
Gurupá (PA)
Herval (RS)
Ibaretama (CE)
Ibateguara (AL)
Ibatiba (ES)
Ibicuitinga (CE)
Ibicuí (BA)
Ibirataia (BA)
Ibitirama (ES)
Ichu (BA)
Igaci (AL)
Igarapé do Meio (MA)
Igaratá (SP)
Igrejinha (RS)
Iguaí (BA)
Imbuia (SC)
Imigrante (RS)
Indaial (SC)
Ingá (PB)
Inhambupe (BA)
Inhangapi (PA)
Ipecaetá (BA)
Ipirá (BA)
Iporanga (SP)
Irajuba (BA)
Irauçuba (CE)
Irituia (PA)
Itabi (SE)
Itagibá (BA)
Itagimirim (BA)
Itaguaçu (ES)
Itaju do Colônia (BA)
Itajá (RN)
Italva (RJ)
Itamari (BA)
Itamonte (MG)
Itanhandu (MG)
Itaoca (SP)
Itaocara (RJ)
Itaperuçu (PR)
Itapicuru (BA)
Itapirapuã Paulista (SP)
Itapiúna (CE)
Itaquara (BA)
Itarana (ES)
Itarantim (BA)
Itatiba (SP)
Itatim (BA)
Itatuba (PB)
Itororó (BA)
Itu (SP)
Iúna (ES)
Jaguaquara (BA)
Jaguarão (RS)
Japi (RN)
Jaqueira (PE)
Jaquirana (RS)
Jarinu (SP)
Jerônimo Monteiro (ES)
Jiquiriçá (BA)
Jitaúna (BA)
Joanópolis (SP)
Joaquim Pires (PI)
Joca Marques (PI)
José Boiteux (SC)
João Alfredo (PE)
Juarez Távora (PB)
Jucurutu (RN)
Jucuruçu (BA)
Junco do Maranhão (MA)
Jurema (PE)
Lagoa d'Anta (RN)
Lagoa da Canoa (AL)
Lagoa de Velhos (RN)
Lagoa do Ouro (PE)
Lagoa dos Gatos (PE)
Lajedão (BA)
Lamarão (BA)
Lapa (PR)
Laranja da Terra (ES)
Lavrinhas (SP)
Leoberto Leal (SC)
Liberdade (MG)
Limoeiro do Norte (CE)
Linha Nova (RS)
Lontras (SC)
Luzilândia (PI)
Macambira (SE)
Macaparana (PE)
Machados (PE)
Macuco (RJ)
Madeiro (PI)
Mairinque (SP)
Mandirituba (PR)
Mar Vermelho (AL)
Mar de Espanha (MG)
Maracaçumé (MA)
Maraial (PE)
Maranhãozinho (MA)
Maratá (RS)
Maria da Fé (MG)
Marmelópolis (MG)
Massapê (CE)
Massaranduba (PB)
Matias Barbosa (MG)
Matinhas (PB)
Matões do Norte (MA)
Mazagão (AP)
Medeiros Neto (BA)
Meruoca (CE)
Milagres (BA)
Milagres do Maranhão (MA)
Minas do Leão (RS)
Miranda do Norte (MA)
Mogeiro (PB)
Monte Alegre de Sergipe (SE)
Monte Belo do Sul (RS)
Monte das Gameleiras (RN)
Monteiro Lobato (SP)
Monção (MA)
Moraújo (CE)
Morro Reuter (RS)
Morro do Chapéu do Piauí (PI)
Muaná (PA)
Mucurici (ES)
Mulungu (CE)
Muniz Freire (ES)
Murici dos Portelas (PI)
Nanuque (MG)
Natividade (RJ)
Natuba (PB)
Nazaré Paulista (SP)
Nina Rodrigues (MA)
Nossa Senhora Aparecida (SE)
Nossa Senhora de Lourdes (SE)
Nova Hartz (RS)
Nova Ibiá (BA)
Nova Itarana (BA)
Nova Petrópolis (RS)
Olho d'Água Grande (AL)
Olindina (BA)
Orobó (PE)
Ouriçangas (BA)
Ourém (PA)
Pacoti (CE)
Palmeirina (PE)
Pancas (ES)
Panelas (PE)
Pantano Grande (RS)
Paramoti (CE)
Paraú (RN)
Paripiranga (BA)
Parobé (RS)
Passa Quatro (MG)
Passa Vinte (MG)
Passa e Fica (RN)
Passira (PE)
Passo do Sobrado (RS)
Pau Brasil (BA)
Paulo Jacinto (AL)
Paverama (RS)
Pedra Mole (SE)
Pedro do Rosário (MA)
Penalva (MA)
Pequeri (MG)
Picada Café (RS)
Piedade (SP)
Pilar do Sul (SP)
Pilões (PB)
Pilõezinhos (PB)
Pindamonhangaba (SP)
Pindoba (AL)
Pinhão (SE)
Pinto Bandeira (RS)
Piquete (SP)
Piracaia (SP)
Piracuruca (PI)
Piranguçu (MG)
Pirapemas (MA)
Pirapetinga (MG)
Pirapora do Bom Jesus (SP)
Piratini (RS)
Pirpirituba (PB)
Piên (PR)
Ponto Belo (ES)
Porto da Folha (SE)
Potim (SP)
Potiraguá (BA)
Pouso Alto (MG)
Poço Verde (SE)
Poço das Antas (RS)
Presidente Médici (MA)
Presidente Nereu (SC)
Presidente Sarney (MA)
Presidente Vargas (MA)
Quebrangulo (AL)
Queluz (SP)
Quipapá (PE)
Quitandinha (PR)
Rafael Jambeiro (BA)
Remígio (PB)
Riacho das Almas (PE)
Riachuelo (RN)
Riachão (PB)
Riachão do Bacamarte (PB)
Riachão do Jacuípe (BA)
Ribeira (SP)
Ribeirão Branco (SP)
Ribeirão Grande (SP)
Ribeirópolis (SE)
Rio Branco do Sul (PR)
Rio Negrinho (SC)
Rio Negro (PR)
Rio Pardo (RS)
Rio Preto (MG)
Rio das Flores (RJ)
Rio dos Cedros (SC)
Roca Sales (RS)
Rodeio (SC)
Roseira (SP)
Ruy Barbosa (RN)
Sairé (PE)
Salgadinho (PE)
Salgado de São Félix (PB)
Salto da Divisa (MG)
Salto de Pirapora (SP)
Salvador do Sul (RS)
Santa Bárbara (BA)
Santa Bárbara do Monte Verde (MG)
Santa Bárbara do Pará (PA)
Santa Cruz da Vitória (BA)
Santa Inês (BA)
Santa Izabel do Pará (PA)
Santa Luzia do Paruá (MA)
Santa Maria do Herval (RS)
Santa Maria do Pará (PA)
Santa Quitéria do Maranhão (MA)
Santa Rita de Jacutinga (MG)
Santa Tereza (RS)
Santa Terezinha (BA)
Santana do Acaraú (CE)
Santana do Deserto (MG)
Santana do Matos (RN)
Santana do Mundaú (AL)
Santanópolis (BA)
Santo Antônio do Aventureiro (MG)
Santo Antônio do Pinhal (SP)
Sapucaia (RJ)
Sapucaí-Mirim (MG)
Sarapuí (SP)
Senador Cortes (MG)
Serra Caiada (RN)
Serra Preta (BA)
Serra Redonda (PB)
Serra da Raiz (PB)
Serra de São Bento (RN)
Serra dos Aimorés (MG)
Serraria (PB)
Simão Dias (SE)
Simão Pereira (MG)
Solânea (PB)
Sumidouro (RJ)
Sátiro Dias (BA)
São Benedito do Rio Preto (MA)
São Benedito do Sul (PE)
São Bento do Sapucaí (SP)
São Brás (AL)
São Domingos (SE)
São Domingos do Norte (ES)
São Fidélis (RJ)
São Gabriel da Palha (ES)
São Joaquim (SC)
São Joaquim do Monte (PE)
São José da Laje (AL)
São José de Ubá (RJ)
São José do Calçado (ES)
São José do Campestre (RN)
São José do Divino (PI)
São José dos Ausentes (RS)
São José dos Ramos (PB)
São João (PE)
São João da Fronteira (PI)
São João do Jaguaribe (CE)
São Miguel Arcanjo (SP)
São Miguel do Aleixo (SE)
São Miguel do Guamá (PA)
São Pedro da Serra (RS)
São Rafael (RN)
São Roque (SP)
São Sebastião da Boa Vista (PA)
São Sebastião do Alto (RJ)
São Sebastião do Rio Verde (MG)
São Tomé (RN)
São Vendelino (RS)
São Vicente Férrer (PE)
Sítio Novo (RN)
Tabaí (RS)
Tabuleiro do Norte (CE)
Tangará (RN)
Tanque d'Arca (AL)
Tanquinho (BA)
Tapiraí (SP)
Taquarana (AL)
Tejuçuoca (CE)
Teutônia (RS)
Tianguá (CE)
Timbó (SC)
Tobias Barreto (SE)
Traipu (AL)
Tremembé (SP)
Triunfo Potiguar (RN)
Três Coroas (RS)
Tupandi (RS)
Ubajara (CE)
Ubatã (BA)
Ubaíra (BA)
Umbuzeiro (PB)
Upanema (RN)
Urbano Santos (MA)
Urubici (SC)
Vale Real (RS)
Vale Verde (RS)
Vargem Grande (MA)
Vargem Grande Paulista (SP)
Varre-Sai (RJ)
Venda Nova do Imigrante (ES)
Venâncio Aires (RS)
Vertente do Lério (PE)
Vidal Ramos (SC)
Vila Pavão (ES)
Vila Valério (ES)
Virgínia (MG)
Vitória do Mearim (MA)
Viçosa (AL)
Volta Grande (MG)
Votorantim (SP)
Várzea Paulista (SP)
Wenceslau Braz (MG)
Westfália (RS)
Água Fria (BA)
Águia Branca (ES)","Abaiara (CE)
Abaré (BA)
Abatiá (PR)
Abaíra (BA)
Abel Figueiredo (PA)
Abre Campo (MG)
Acaiaca (MG)
Acari (RN)
Aceguá (RS)
Acopiara (CE)
Adustina (BA)
Afonso Cunha (MA)
Afrânio (PE)
Agricolândia (PI)
Aguanil (MG)
Agudo (RS)
Aguiar (PB)
Aiuaba (CE)
Alagoinha (PE)
Alagoinha do Piauí (PI)
Albertina (MG)
Alcantil (PB)
Aldeias Altas (MA)
Alecrim (RS)
Alegrete do Piauí (PI)
Alegria (RS)
Alenquer (PA)
Alexandria (RN)
Alfredo Vasconcelos (MG)
Almino Afonso (RN)
Alpercata (MG)
Alpinópolis (MG)
Altamira do Maranhão (MA)
Altaneira (CE)
Alterosa (MG)
Alto Alegre (RR)
Alto Alegre do Maranhão (MA)
Alto Alegre do Pindaré (MA)
Alto Caparaó (MG)
Alto Jequitibá (MG)
Alto Longá (PI)
Alto Paraná (PR)
Alto Rio Doce (MG)
Alto Rio Novo (ES)
Alto Santo (CE)
Alvarenga (MG)
Alvinópolis (MG)
Alvorada de Minas (MG)
Amajari (RR)
Amarante do Maranhão (MA)
Ametista do Sul (RS)
Amparo (PB)
Amparo do Serra (MG)
América Dourada (BA)
Anagé (BA)
Anahy (PR)
Anapu (PA)
Andaraí (BA)
Andorinha (BA)
Andrelândia (MG)
Angelândia (MG)
Angical do Piauí (PI)
Anita Garibaldi (SC)
Antas (BA)
Antonina do Norte (CE)
Antônio Almeida (PI)
Antônio Carlos (MG)
Antônio Gonçalves (BA)
Antônio Martins (RN)
Antônio Olinto (PR)
Antônio Prado de Minas (MG)
Aparecida (PB)
Aracatu (BA)
Araci (BA)
Aracitaba (MG)
Araguanã (MA)
Arame (MA)
Arantina (MG)
Araponga (MG)
Arapuã (PR)
Ararendá (CE)
Araripe (CE)
Araçaí (MG)
Arceburgo (MG)
Areado (MG)
Areia de Baraúnas (PB)
Areial (PB)
Argirita (MG)
Aricanduva (MG)
Ariranha do Ivaí (PR)
Arneiroz (CE)
Aroazes (PI)
Aroeiras do Itaim (PI)
Arraial (PI)
Arroio do Tigre (RS)
Arvorezinha (RS)
Assaré (CE)
Assunção (PB)
Assunção do Piauí (PI)
Astolfo Dutra (MG)
Ataléia (MG)
Augustinópolis (TO)
Augusto de Lima (MG)
Aurora (CE)
Aurora do Pará (PA)
Axixá do Tocantins (TO)
Açucena (MG)
Bagre (PA)
Baixa Grande (BA)
Baixio (CE)
Baião (PA)
Balbinos (SP)
Baldim (MG)
Bambuí (MG)
Banabuiú (CE)
Bandeira (MG)
Bandeira do Sul (MG)
Bandeirante (SC)
Banzaê (BA)
Baraúna (PB)
Barbalha (CE)
Barbosa Ferraz (PR)
Barra (BA)
Barra D'Alcântara (PI)
Barra Longa (MG)
Barra da Estiva (BA)
Barra de Santa Rosa (PB)
Barra de Santana (PB)
Barra de São Francisco (ES)
Barra de São Miguel (PB)
Barra do Choça (BA)
Barra do Guarita (RS)
Barra do Jacaré (PR)
Barra do Mendes (BA)
Barra do Rio Azul (RS)
Barracão (RS)
Barro (CE)
Barro Alto (BA)
Barro Duro (PI)
Barrocas (BA)
Barros Cassal (RS)
Barroso (MG)
Barão de Grajaú (MA)
Barão do Monte Alto (MG)
Bela Vista de Minas (MG)
Bela Vista do Maranhão (MA)
Bela Vista do Paraíso (PR)
Bela Vista do Toldo (SC)
Belo Campo (BA)
Belo Vale (MG)
Belém do Brejo do Cruz (PB)
Belém do Piauí (PI)
Belém do São Francisco (PE)
Beneditinos (PI)
Benedito Leite (MA)
Benjamin Constant do Sul (RS)
Berilo (MG)
Berizal (MG)
Bernardino Batista (PB)
Bernardo do Mearim (MA)
Bertópolis (MG)
Betânia (PE)
Bias Fortes (MG)
Biquinhas (MG)
Boa Hora (PI)
Boa Nova (BA)
Boa Ventura (PB)
Boa Ventura de São Roque (PR)
Boa Viagem (CE)
Boa Vista (PB)
Boa Vista do Tupim (BA)
Bocaina (PI)
Bocaina do Sul (SC)
Bocaiúva (MG)
Bodocó (PE)
Bom Jardim (MA)
Bom Jesus (PB)
Bom Jesus da Penha (MG)
Bom Jesus da Serra (BA)
Bom Jesus das Selvas (MA)
Bom Jesus do Amparo (MG)
Bom Jesus do Galho (MG)
Bom Jesus do Sul (PR)
Bom Jesus do Tocantins (PA)
Bom Lugar (MA)
Bom Progresso (RS)
Bom Repouso (MG)
Bom Sucesso (MG)
Bom Sucesso (PB)
Bom Sucesso (PR)
Bom Sucesso de Itararé (SP)
Bonfim (MG)
Bonfim (RR)
Boninal (BA)
Bonito (BA)
Bonito de Santa Fé (PB)
Boqueirão (PB)
Boqueirão do Leão (RS)
Boqueirão do Piauí (PI)
Boquira (BA)
Borda da Mata (MG)
Bossoroca (RS)
Botelhos (MG)
Botumirim (MG)
Botuporã (BA)
Braga (RS)
Brasil Novo (PA)
Brasileira (PI)
Brazópolis (MG)
Braúnas (MG)
Brejinho (PE)
Brejo Grande do Araguaia (PA)
Brejo da Madre de Deus (PE)
Brejo de Areia (MA)
Brejo do Cruz (PB)
Brejo dos Santos (PB)
Brejolândia (BA)
Brejão (PE)
Breu Branco (PA)
Brotas de Macaúbas (BA)
Brás Pires (MG)
Bueno Brandão (MG)
Buenópolis (MG)
Bugre (MG)
Buriti (MA)
Buriti Bravo (MA)
Buriti do Tocantins (TO)
Buriti dos Montes (PI)
Buriticupu (MA)
Buritirana (MA)
Buíque (PE)
Caatiba (BA)
Cabaceiras (PB)
Cabeceiras do Piauí (PI)
Cabo Verde (MG)
Cabrobó (PE)
Cacequi (RS)
Cachoeira da Prata (MG)
Cachoeira de Minas (MG)
Cachoeira de Pajeú (MG)
Cachoeira dos Índios (PB)
Cachoeirinha (PE)
Cachoeirinha (TO)
Cacimba de Areia (PB)
Cacimbas (PB)
Cacimbinhas (AL)
Cacique Doble (RS)
Caculé (BA)
Caetanos (BA)
Caetanópolis (MG)
Caetité (BA)
Caetés (PE)
Cafarnaum (BA)
Caiana (MG)
Cajazeiras do Piauí (PI)
Cajazeirinhas (PB)
Cajuri (MG)
Caldas (MG)
Caldeirão Grande (BA)
Caldeirão Grande do Piauí (PI)
Calmon (SC)
Calumbi (PE)
Calçado (PE)
Camacho (MG)
Camalaú (PB)
Cambuquira (MG)
Campanha (MG)
Campanário (MG)
Campestre (MG)
Campestre do Maranhão (MA)
Campina do Simão (PR)
Campo Belo do Sul (SC)
Campo Formoso (BA)
Campo Grande do Piauí (PI)
Campo Largo do Piauí (PI)
Campo Redondo (RN)
Campo do Meio (MG)
Campos Gerais (MG)
Campos Sales (CE)
Cana Verde (MG)
Canapi (AL)
Canarana (BA)
Canavieira (PI)
Canaã (MG)
Candeias (MG)
Candelária (RS)
Candiba (BA)
Canindé de São Francisco (SE)
Cansanção (BA)
Cantagalo (MG)
Cantagalo (PR)
Cantá (RR)
Canudos (BA)
Canudos do Vale (RS)
Caparaó (MG)
Capela Nova (MG)
Capela do Alto Alegre (BA)
Capetinga (MG)
Capim Branco (MG)
Capim Grosso (BA)
Capinzal do Norte (MA)
Capitão Andrade (MG)
Capitão Enéas (MG)
Capitão de Campos (PI)
Capoeiras (PE)
Caputira (MG)
Capão Alto (SC)
Caranaíba (MG)
Carandaí (MG)
Caraí (MG)
Caraíbas (BA)
Caraúbas (PB)
Carbonita (MG)
Careaçu (MG)
Caridade do Piauí (PI)
Caririaçu (CE)
Cariré (CE)
Cariús (CE)
Carlos Chagas (MG)
Carlos Gomes (RS)
Carmo da Cachoeira (MG)
Carmo da Mata (MG)
Carmo de Minas (MG)
Carmo do Rio Claro (MG)
Carmésia (MG)
Carmópolis de Minas (MG)
Carnaubal (CE)
Carnaubeira da Penha (PE)
Carnaíba (PE)
Carnaúba dos Dantas (RN)
Carneiros (AL)
Carrancas (MG)
Carrapateira (PB)
Carrasco Bonito (TO)
Carvalhópolis (MG)
Casa Grande (MG)
Casa Nova (BA)
Castelo do Piauí (PI)
Catanduvas (PR)
Catarina (CE)
Catas Altas da Noruega (MG)
Catingueira (PB)
Catuji (MG)
Catunda (CE)
Caturama (BA)
Caturité (PB)
Catuti (MG)
Caçapava do Sul (RS)
Caém (BA)
Cedro (CE)
Cedro (PE)
Cedro do Abaeté (MG)
Central (BA)
Central de Minas (MG)
Cerro Branco (RS)
Cerro Grande (RS)
Cerro Negro (SC)
Chalé (MG)
Chapada do Norte (MG)
Charrua (RS)
Chorrochó (BA)
Choró (CE)
Chácara (MG)
Cidelândia (MA)
Cipotânea (MG)
Cipó (BA)
Claraval (MG)
Cocal de Telha (PI)
Coelho Neto (MA)
Coimbra (MG)
Coivaras (PI)
Coluna (MG)
Colônia do Piauí (PI)
Comercinho (MG)
Conceição (PB)
Conceição da Aparecida (MG)
Conceição da Barra de Minas (MG)
Conceição das Pedras (MG)
Conceição de Ipanema (MG)
Conceição do Rio Verde (MG)
Conceição dos Ouros (MG)
Concórdia do Pará (PA)
Condado (PB)
Condeúba (BA)
Congo (PB)
Congonhal (MG)
Congonhas do Norte (MG)
Congonhinhas (PR)
Conselheiro Pena (MG)
Consolação (MG)
Contendas do Sincorá (BA)
Coqueiral (MG)
Coqueiro Baixo (RS)
Cordeiros (BA)
Cordisburgo (MG)
Cordislândia (MG)
Coremas (PB)
Corinto (MG)
Coroaci (MG)
Coroatá (MA)
Coronel Bicaco (RS)
Coronel Domingos Soares (PR)
Coronel Ezequiel (RN)
Coronel João Pessoa (RN)
Coronel João Sá (BA)
Coronel Murta (MG)
Coronel Pacheco (MG)
Coronel Xavier Chaves (MG)
Correia Pinto (SC)
Corumbataí do Sul (PR)
Couto de Magalhães de Minas (MG)
Coxixola (PB)
Crato (CE)
Cristais (MG)
Cristal do Sul (RS)
Cristiano Otoni (MG)
Cristina (MG)
Cristália (MG)
Crisólita (MG)
Croatá (CE)
Crucilândia (MG)
Cruz Machado (PR)
Cruzeiro do Sul (PR)
Cruzeta (RN)
Cruzmaltina (PR)
Cruzília (MG)
Cubati (PB)
Cuparaque (MG)
Curaçá (BA)
Curiúva (PR)
Curral Novo do Piauí (PI)
Curral Velho (PB)
Curral de Dentro (MG)
Curralinho (PA)
Custódia (PE)
Cândido Sales (BA)
Cândido de Abreu (PR)
Córrego Novo (MG)
Córrego do Bom Jesus (MG)
Datas (MG)
Davinópolis (MA)
Delfinópolis (MG)
Deputado Irapuan Pinheiro (CE)
Derrubadas (RS)
Descoberto (MG)
Desterro (PB)
Desterro de Entre Rios (MG)
Desterro do Melo (MG)
Dezesseis de Novembro (RS)
Diamante (PB)
Diamante do Sul (PR)
Dilermando de Aguiar (RS)
Diogo de Vasconcelos (MG)
Dionísio (MG)
Divino (MG)
Divino das Laranjeiras (MG)
Divinolândia de Minas (MG)
Divinésia (MG)
Divisa Alegre (MG)
Divisa Nova (MG)
Divisópolis (MG)
Dois Irmãos das Missões (RS)
Dois Riachos (AL)
Dom Basílio (BA)
Dom Cavati (MG)
Dom Eliseu (PA)
Dom Expedito Lopes (PI)
Dom Joaquim (MG)
Dom Pedrito (RS)
Dom Pedro (MA)
Dom Silvério (MG)
Dom Viçoso (MG)
Domingos Mourão (PI)
Dona Euzébia (MG)
Dona Francisca (RS)
Dores de Campos (MG)
Dores de Guanhães (MG)
Dores do Rio Preto (ES)
Dores do Turvo (MG)
Doresópolis (MG)
Dormentes (PE)
Doutor Severiano (RN)
Duque Bacelar (MA)
Durandé (MG)
Elesbão Veloso (PI)
Emas (PB)
Encanto (RN)
Encruzilhada (BA)
Engenheiro Caldas (MG)
Engenheiro Navarro (MG)
Engenho Velho (RS)
Entre Folhas (MG)
Entre Rios (SC)
Entre Rios de Minas (MG)
Equador (RN)
Ereré (CE)
Erval Grande (RS)
Erval Seco (RS)
Ervália (MG)
Esmeraldas (MG)
Espera Feliz (MG)
Esperantina (TO)
Esperantinópolis (MA)
Esperança do Sul (RS)
Espigão Alto do Iguaçu (PR)
Espírito Santo do Dourado (MG)
Estiva (MG)
Estreito (MA)
Estrela Velha (RS)
Estrela do Indaiá (MG)
Eugenópolis (MG)
Eugênio de Castro (RS)
Ewbank da Câmara (MG)
Exu (PE)
Faria Lemos (MG)
Farias Brito (CE)
Farol (PR)
Faxinal (PR)
Faxinalzinho (RS)
Feira Nova do Maranhão (MA)
Felisburgo (MG)
Felixlândia (MG)
Felício dos Santos (MG)
Fernandes Pinheiro (PR)
Fernandes Tourinho (MG)
Fernando Falcão (MA)
Ferros (MG)
Fervedouro (MG)
Figueira (PR)
Filadélfia (BA)
Flor da Serra do Sul (PR)
Flores (PE)
Floresta (PE)
Floresta do Piauí (PI)
Florestópolis (PR)
Florânia (RN)
Fontoura Xavier (RS)
Formigueiro (RS)
Formosa da Serra Negra (MA)
Forquetinha (RS)
Fortaleza de Minas (MG)
Fortaleza dos Nogueiras (MA)
Fortuna (MA)
Fortuna de Minas (MG)
Foz do Jordão (PR)
Francinópolis (PI)
Francisco Ayres (PI)
Francisco Badaró (MG)
Francisco Dantas (RN)
Francisco Dumont (MG)
Francisco Macedo (PI)
Francisco Santos (PI)
Francisco Sá (MG)
Franciscópolis (MG)
Frei Gaspar (MG)
Frei Inocêncio (MG)
Frei Lagonegro (MG)
Frei Martinho (PB)
Frei Miguelinho (PE)
Frei Rogério (SC)
Fronteira dos Vales (MG)
Fronteiras (PI)
Fruta de Leite (MG)
Frutuoso Gomes (RN)
Funilândia (MG)
Fátima (BA)
Galiléia (MG)
Gameleiras (MG)
Garrafão do Norte (PA)
Garruchos (RS)
Gavião (BA)
Geminiano (PI)
General Carneiro (PR)
Gentio do Ouro (BA)
Glaucilândia (MG)
Glória (BA)
Godoy Moreira (PR)
Goiabeira (MG)
Goianá (MG)
Goianésia do Pará (PA)
Goioxim (PR)
Gonzaga (MG)
Gonçalves (MG)
Gonçalves Dias (MA)
Gouveia (MG)
Governador Archer (MA)
Governador Edison Lobão (MA)
Governador Eugênio Barros (MA)
Governador Luiz Rocha (MA)
Governador Newton Bello (MA)
Grajaú (MA)
Gramado Xavier (RS)
Gramado dos Loureiros (RS)
Grandes Rios (PR)
Granito (PE)
Granjeiro (CE)
Graça (CE)
Graça Aranha (MA)
Groaíras (CE)
Grão Mogol (MG)
Guabiju (RS)
Guadalupe (PI)
Guajeru (BA)
Guamiranga (PR)
Guapirama (PR)
Guapé (MG)
Guaraciaba (MG)
Guaraciaba do Norte (CE)
Guaraciama (MG)
Guarani (MG)
Guidoval (MG)
Guiricema (MG)
Gurjão (PB)
Heliodora (MG)
Heliópolis (BA)
Herveiras (RS)
Hidrolândia (CE)
Honório Serpa (PR)
Hugo Napoleão (PI)
Hulha Negra (RS)
Humaitá (RS)
Iapu (MG)
Iati (PE)
Iaçu (BA)
Ibarama (RS)
Ibema (PR)
Ibertioga (MG)
Ibiapina (CE)
Ibiara (PB)
Ibiassucê (BA)
Ibicoara (BA)
Ibimirim (PE)
Ibipeba (BA)
Ibipitanga (BA)
Ibiquera (BA)
Ibiraci (MG)
Ibirajuba (PE)
Ibirapuitã (RS)
Ibitiara (BA)
Ibititá (BA)
Ibitiúra de Minas (MG)
Ibituruna (MG)
Ibotirama (BA)
Igaporã (BA)
Igaracy (PB)
Igarapé Grande (MA)
Igarapé-Miri (PA)
Iguaracy (PE)
Iguatu (PR)
Ilicínea (MG)
Imaculada (PB)
Imbaú (PR)
Imbé de Minas (MG)
Inajá (PE)
Inajá (PR)
Inconfidentes (MG)
Indaiabira (MG)
Independência (CE)
Ingazeira (PE)
Ingaí (MG)
Inhacorá (RS)
Inhapi (AL)
Inhapim (MG)
Inhaúma (MG)
Inhuma (PI)
Inimutaba (MG)
Inácio Martins (PR)
Ipaba (MG)
Ipanema (MG)
Ipaporanga (CE)
Ipaumirim (CE)
Ipiranga (PR)
Ipiranga do Piauí (PI)
Ipixuna do Pará (PA)
Ipu (CE)
Ipuaçu (SC)
Ipubi (PE)
Ipueira (RN)
Ipueiras (CE)
Ipuiúna (MG)
Ipupiara (BA)
Iracema (CE)
Iramaia (BA)
Iraquara (BA)
Iraí (RS)
Iretama (PR)
Irineópolis (SC)
Irupi (ES)
Isaías Coelho (PI)
Itabirinha (MG)
Itacambira (MG)
Itacuruba (PE)
Itacurubi (RS)
Itaeté (BA)
Itagi (BA)
Itaguatins (TO)
Itaguaçu da Bahia (BA)
Itainópolis (PI)
Itaipava do Grajaú (MA)
Itaipé (MG)
Itamarandiba (MG)
Itamarati de Minas (MG)
Itambacuri (MG)
Itambé (BA)
Itambé do Mato Dentro (MG)
Itamogi (MG)
Itanhomi (MG)
Itanhém (BA)
Itaobim (MG)
Itapecerica (MG)
Itapetim (PE)
Itapuca (RS)
Itaqui (RS)
Itatiba do Sul (RS)
Itatira (CE)
Itaverava (MG)
Itaíba (PE)
Itaú (RN)
Itinga (MG)
Itinga do Maranhão (MA)
Itiruçu (BA)
Itiúba (BA)
Ituaçu (BA)
Itueta (MG)
Itumirim (MG)
Itupiranga (PA)
Itutinga (MG)
Iuiu (BA)
Ivaí (PR)
Ivorá (RS)
Jaboti (PR)
Jaboticaba (RS)
Jaboticatubas (MG)
Jacaraci (BA)
Jacaré dos Homens (AL)
Jacinto (MG)
Jacuizinho (RS)
Jacundá (PA)
Jacuí (MG)
Jaguarari (BA)
Jaguaretama (CE)
Jaguaribara (CE)
Jaguaribe (CE)
Jaicós (PI)
Jampruca (MG)
Janduís (RN)
Janiópolis (PR)
Japaraíba (MG)
Japira (PR)
Jaramataia (AL)
Jardim (CE)
Jardim Olinda (PR)
Jardim de Piranhas (RN)
Jardim do Mulato (PI)
Jardim do Seridó (RN)
Jari (RS)
Jataúba (PE)
Jati (CE)
Jatobá (MA)
Jatobá (PE)
Jatobá do Piauí (PI)
Jaçanã (RN)
Jaíba (MG)
Jenipapo de Minas (MG)
Jenipapo dos Vieiras (MA)
Jequeri (MG)
Jequitibá (MG)
Jequitinhonha (MG)
Jericó (PB)
Jerumenha (PI)
Jesuânia (MG)
Joanésia (MG)
Joaquim Felício (MG)
Joaíma (MG)
Joca Claudino (PB)
Jordânia (MG)
Joselândia (MA)
Josenópolis (MG)
José Gonçalves de Minas (MG)
José Raydan (MG)
José da Penha (RN)
José de Freitas (PI)
João Dias (RN)
João Dourado (BA)
João Lisboa (MA)
Juazeirinho (PB)
Juazeiro do Piauí (PI)
Jucati (PE)
Jucás (CE)
Junco do Seridó (PB)
Jundiaí do Sul (PR)
Jupi (PE)
Juramento (MG)
Juru (PB)
Juruaia (MG)
Jussara (BA)
Jussiape (BA)
Jóia (RS)
Júlio Mesquita (SP)
Kaloré (PR)
Ladainha (MG)
Lafaiete Coutinho (BA)
Lago Verde (MA)
Lago da Pedra (MA)
Lago do Junco (MA)
Lago dos Rodrigues (MA)
Lagoa (PB)
Lagoa Alegre (PI)
Lagoa Bonita do Sul (RS)
Lagoa Dourada (MG)
Lagoa Grande (PE)
Lagoa Grande do Maranhão (MA)
Lagoa Nova (RN)
Lagoa Real (BA)
Lagoa Seca (PB)
Lagoa de São Francisco (PI)
Lagoa do Mato (MA)
Lagoa do Piauí (PI)
Lagoa do Sítio (PI)
Lagoinha do Piauí (PI)
Lagoão (RS)
Laje do Muriaé (RJ)
Lajeado Novo (MA)
Lajeado do Bugre (RS)
Lajedinho (BA)
Lajedo (PE)
Lajedo do Tabocal (BA)
Lajes Pintadas (RN)
Lajinha (MG)
Lambari (MG)
Lamim (MG)
Landri Sales (PI)
Lapão (BA)
Laranjal (MG)
Laranjal (PR)
Lastro (PB)
Lavras da Mangabeira (CE)
Lavras do Sul (RS)
Leandro Ferreira (MG)
Lebon Régis (SC)
Leme do Prado (MG)
Lençóis (BA)
Liberato Salzano (RS)
Licínio de Almeida (BA)
Lidianópolis (PR)
Lima Campos (MA)
Lima Duarte (MG)
Limoeiro do Ajuru (PA)
Livramento (PB)
Livramento de Nossa Senhora (BA)
Loreto (MA)
Lucrécia (RN)
Luisburgo (MG)
Luiziana (PR)
Luminárias (MG)
Lunardelli (PR)
Lupionópolis (PR)
Luís Gomes (RN)
Macajuba (BA)
Macarani (BA)
Macaúbas (BA)
Machacalis (MG)
Machadinho (RS)
Macieira (SC)
Macururé (BA)
Madalena (CE)
Madre de Deus de Minas (MG)
Maetinga (BA)
Maiquinique (BA)
Mairi (BA)
Major Isidoro (AL)
Major Sales (RN)
Major Vieira (SC)
Malacacheta (MG)
Malhada (BA)
Malhada de Pedras (BA)
Malta (PB)
Mamonas (MG)
Manari (PE)
Manaíra (PB)
Manfrinópolis (PR)
Manhumirim (MG)
Manoel Viana (RS)
Manoel Vitorino (BA)
Mantenópolis (ES)
Maracás (BA)
Marajá do Sena (MA)
Maravilha (AL)
Maravilhas (MG)
Marcelino Vieira (RN)
Marcionílio Souza (BA)
Marcolândia (PI)
Marcos Parente (PI)
Marilac (MG)
Maripá de Minas (MG)
Marizópolis (PB)
Marliéria (MG)
Marquinho (PR)
Martins (RN)
Martins Soares (MG)
Marumbi (PR)
Massapê do Piauí (PI)
Mata (RS)
Mata Grande (AL)
Mata Roma (MA)
Mata Verde (MG)
Materlândia (MG)
Mateus Leme (MG)
Mathias Lobato (MG)
Matias Cardoso (MG)
Matias Olímpio (PI)
Matina (BA)
Matipó (MG)
Mato Grosso (PB)
Mato Queimado (RS)
Mato Rico (PR)
Mato Verde (MG)
Matos Costa (SC)
Matozinhos (MG)
Maturéia (PB)
Matões (MA)
Maurilândia do Tocantins (TO)
Mauriti (CE)
Medeiros (MG)
Medicilândia (PA)
Medina (MG)
Melgaço (PA)
Mendes Pimentel (MG)
Mercês (MG)
Mesquita (MG)
Messias Targino (RN)
Miguel Alves (PI)
Miguel Calmon (BA)
Miguel Leão (PI)
Milagres (CE)
Milhã (CE)
Milton Brandão (PI)
Minador do Negrão (AL)
Minas Novas (MG)
Minduri (MG)
Miracema (RJ)
Mirador (MA)
Miradouro (MG)
Mirandiba (PE)
Mirangaba (BA)
Mirante (BA)
Miraselva (PR)
Miraí (MG)
Mirim Doce (SC)
Missão Velha (CE)
Mocajuba (PA)
Moema (MG)
Moju (PA)
Mombaça (CE)
Monjolos (MG)
Monsenhor Gil (PI)
Monsenhor Hipólito (PI)
Monsenhor Paulo (MG)
Monsenhor Tabosa (CE)
Montadas (PB)
Monte Alegre (PA)
Monte Alegre dos Campos (RS)
Monte Azul (MG)
Monte Belo (MG)
Monte Carlo (SC)
Monte Castelo (SC)
Monte Formoso (MG)
Monte Horebe (PB)
Monte Santo (BA)
Monte Santo de Minas (MG)
Monteirópolis (AL)
Montes Altos (MA)
Montezuma (MG)
Moreilândia (PE)
Moreira Sales (PR)
Morpará (BA)
Morro da Garça (MG)
Morro do Chapéu (BA)
Morro do Pilar (MG)
Mortugaba (BA)
Mucajaí (RR)
Mucambo (CE)
Mucugê (BA)
Mulungu do Morro (BA)
Mundo Novo (BA)
Munhoz (MG)
Muquém do São Francisco (BA)
Mutum (MG)
Mário Campos (MG)
Mãe d'Água (PB)
Mãe do Rio (PA)
Nacip Raydan (MG)
Naque (MG)
Natércia (MG)
Nazareno (MG)
Nazarezinho (PB)
Nazaré do Piauí (PI)
Nepomuceno (MG)
Ninheira (MG)
Nordestina (BA)
Normandia (RR)
Nossa Senhora de Nazaré (PI)
Nossa Senhora dos Remédios (PI)
Nova América da Colina (PR)
Nova Belém (MG)
Nova Campina (SP)
Nova Canaã (BA)
Nova Cantu (PR)
Nova Colinas (MA)
Nova Era (MG)
Nova Esperança do Piriá (PA)
Nova Esperança do Sul (RS)
Nova Floresta (PB)
Nova Fátima (BA)
Nova Fátima (PR)
Nova Iorque (MA)
Nova Ipixuna (PA)
Nova Laranjeiras (PR)
Nova Módica (MG)
Nova Olinda (CE)
Nova Olinda (PB)
Nova Olinda do Maranhão (MA)
Nova Palmeira (PB)
Nova Porteirinha (MG)
Nova Redenção (BA)
Nova Resende (MG)
Nova Russas (CE)
Nova Santa Bárbara (PR)
Nova Soure (BA)
Nova Tebas (PR)
Novo Barreiro (RS)
Novo Cruzeiro (MG)
Novo Horizonte (BA)
Novo Itacolomi (PR)
Novo Machado (RS)
Novo Oriente (CE)
Novo Oriente de Minas (MG)
Novo Oriente do Piauí (PI)
Novo Repartimento (PA)
Novo Santo Antônio (PI)
Novo Tiradentes (RS)
Novo Triunfo (BA)
Novorizonte (MG)
Oeiras do Pará (PA)
Olaria (MG)
Olho D'Água do Piauí (PI)
Olho d'Água (PB)
Olho d'Água das Cunhãs (MA)
Olho d'Água das Flores (AL)
Olho d'Água do Borges (RN)
Olho d'Água do Casado (AL)
Olhos-d'Água (MG)
Olivedos (PB)
Oliveira Fortes (MG)
Oliveira dos Brejinhos (BA)
Olivença (AL)
Olímpio Noronha (MG)
Onça de Pitangui (MG)
Oratórios (MG)
Orizânia (MG)
Orocó (PE)
Orós (CE)
Ouricuri (PE)
Ouro Branco (AL)
Ouro Branco (RN)
Ouro Fino (MG)
Ouro Velho (PB)
Ouro Verde (SC)
Ouro Verde de Minas (MG)
Ourolândia (BA)
Pacajá (PA)
Pacujá (CE)
Padre Carvalho (MG)
Padre Marcos (PI)
Padre Paraíso (MG)
Pai Pedro (MG)
Paineiras (MG)
Painel (SC)
Paiva (MG)
Palestina (AL)
Palma (MG)
Palmas de Monte Alto (BA)
Palmeirais (PI)
Palmeiras (BA)
Palmital (PR)
Palmópolis (MG)
Papagaios (MG)
Papanduva (SC)
Paquetá (PI)
Paraibano (MA)
Paraisópolis (MG)
Parambu (CE)
Paramirim (BA)
Paranapoema (PR)
Paranatama (PE)
Paraná (RN)
Paraopeba (MG)
Parari (PB)
Paratinga (BA)
Paraíso do Sul (RS)
Parelhas (RN)
Pariconha (AL)
Parnamirim (PE)
Parnarama (MA)
Passa Sete (RS)
Passa Tempo (MG)
Passabém (MG)
Passagem (PB)
Passagem Franca (MA)
Passagem Franca do Piauí (PI)
Passos Maia (SC)
Pastos Bons (MA)
Patrocínio do Muriaé (MG)
Patu (RN)
Pau D'Arco do Piauí (PI)
Paula Cândido (MG)
Paulista (PB)
Paulistas (MG)
Paulo Ramos (MA)
Pavão (MG)
Pedra (PE)
Pedra Bonita (MG)
Pedra Branca (CE)
Pedra Branca (PB)
Pedra Branca do Amapari (AP)
Pedra Dourada (MG)
Pedra Lavrada (PB)
Pedra do Anta (MG)
Pedra do Indaiá (MG)
Pedralva (MG)
Pedras Altas (RS)
Pedro Alexandre (BA)
Pedro II (PI)
Pedro Teixeira (MG)
Penaforte (CE)
Pereiro (CE)
Periquito (MG)
Peritoró (MA)
Pescador (MG)
Pesqueira (PE)
Petrolândia (PE)
Petrolândia (SC)
Peçanha (MG)
Piancó (PB)
Piatã (BA)
Piau (MG)
Picuí (PB)
Piedade de Caratinga (MG)
Piedade de Ponte Nova (MG)
Piedade do Rio Grande (MG)
Piedade dos Gerais (MG)
Pilão Arcado (BA)
Pilões (RN)
Pimenta (MG)
Pimenteiras (PI)
Pindaré-Mirim (MA)
Pindaí (BA)
Pindobaçu (BA)
Pingo-d'Água (MG)
Pinhal da Serra (RS)
Pinhal de São Bento (PR)
Pinhalão (PR)
Pinheirinho do Vale (RS)
Pinheiro Machado (RS)
Pinhão (PR)
Pintadas (BA)
Pio IX (PI)
Pio XII (MA)
Piquet Carneiro (CE)
Piracema (MG)
Piranga (MG)
Piranguinho (MG)
Piranhas (AL)
Pirapó (RS)
Piraí do Sul (PR)
Piraúba (MG)
Pires Ferreira (CE)
Piripá (BA)
Piritiba (BA)
Planaltino (BA)
Planalto (BA)
Planalto (RS)
Pocinhos (PB)
Pocrane (MG)
Pompéu (MG)
Ponte Alta (SC)
Ponte Alta do Norte (SC)
Ponto Novo (BA)
Ponto dos Volantes (MG)
Poranga (CE)
Porciúncula (RJ)
Portalegre (RN)
Porteiras (CE)
Porteirinha (MG)
Portel (PA)
Porto (PI)
Porto Alegre do Piauí (PI)
Porto Firme (MG)
Porto Franco (MA)
Porto Lucena (RS)
Porto Mauá (RS)
Porto Vera Cruz (RS)
Porto Vitória (PR)
Porto Xavier (RS)
Porto de Moz (PA)
Potengi (CE)
Potiretama (CE)
Poté (MG)
Poço Dantas (PB)
Poço Fundo (MG)
Poço Redondo (SE)
Poço das Trincheiras (AL)
Poço de José de Moura (PB)
Poção (PE)
Poção de Pedras (MA)
Poções (BA)
Prado Ferreira (PR)
Prados (MG)
Praia Norte (TO)
Prainha (PA)
Prata (PB)
Prata do Piauí (PI)
Pratinha (MG)
Pratápolis (MG)
Presidente Bernardes (MG)
Presidente Dutra (BA)
Presidente Juscelino (MG)
Presidente Jânio Quadros (BA)
Presidente Kubitschek (MG)
Progresso (RS)
Prudente de Morais (MG)
Prudentópolis (PR)
Putinga (RS)
Puxinanã (PB)
Pé de Serra (BA)
Quaraí (RS)
Quartel Geral (MG)
Queimadas (BA)
Queimadas (PB)
Queluzito (MG)
Quevedos (RS)
Quijingue (BA)
Quinta do Sol (PR)
Quiterianópolis (CE)
Quixaba (PB)
Quixaba (PE)
Quixabeira (BA)
Quixelô (CE)
Quixeramobim (CE)
Rafael Fernandes (RN)
Rafael Godeiro (RN)
Rancho Alegre D'Oeste (PR)
Raul Soares (MG)
Rebouças (PR)
Recreio (MG)
Redentora (RS)
Reduto (MG)
Regeneração (PI)
Remanso (BA)
Reriutaba (CE)
Resende Costa (MG)
Reserva (PR)
Reserva do Iguaçu (PR)
Resplendor (MG)
Retirolândia (BA)
Riacho da Cruz (RN)
Riacho de Santana (BA)
Riacho de Santana (RN)
Riacho de Santo Antônio (PB)
Riacho dos Cavalos (PB)
Riacho dos Machados (MG)
Ribamar Fiquene (MA)
Ribeira do Amparo (BA)
Ribeirão Vermelho (MG)
Ribeirão do Largo (BA)
Ribeirão do Pinhal (PR)
Rio Azul (PR)
Rio Bom (PR)
Rio Bonito do Iguaçu (PR)
Rio Branco do Ivaí (PR)
Rio Casca (MG)
Rio Doce (MG)
Rio Espera (MG)
Rio Manso (MG)
Rio Novo (MG)
Rio Pardo de Minas (MG)
Rio Pomba (MG)
Rio Rufino (SC)
Rio Vermelho (MG)
Rio de Contas (BA)
Rio do Antônio (BA)
Rio do Pires (BA)
Rio do Prado (MG)
Rio dos Índios (RS)
Ritápolis (MG)
Rochedo de Minas (MG)
Rodelas (BA)
Rodolfo Fernandes (RN)
Rolador (RS)
Romelândia (SC)
Roncador (PR)
Rondon do Pará (PA)
Rosário da Limeira (MG)
Rosário do Ivaí (PR)
Rubelita (MG)
Rubim (MG)
Ruy Barbosa (BA)
Sabinópolis (MG)
Saboeiro (CE)
Sagrada Família (RS)
Salgadinho (PB)
Salitre (CE)
Saloá (PE)
Saltinho (SC)
Salto do Itararé (PR)
Sambaíba (MA)
Sampaio (TO)
Sanharó (PE)
Santa Amélia (PR)
Santa Brígida (BA)
Santa Bárbara do Leste (MG)
Santa Bárbara do Tugúrio (MG)
Santa Cecília (PB)
Santa Cecília do Pavão (PR)
Santa Cruz (PB)
Santa Cruz (PE)
Santa Cruz da Baixa Verde (PE)
Santa Cruz de Salinas (MG)
Santa Cruz do Capibaribe (PE)
Santa Cruz do Escalvado (MG)
Santa Cruz do Piauí (PI)
Santa Cruz dos Milagres (PI)
Santa Efigênia de Minas (MG)
Santa Filomena (PE)
Santa Filomena do Maranhão (MA)
Santa Helena (PB)
Santa Helena de Minas (MG)
Santa Inês (PB)
Santa Luzia (MA)
Santa Luzia (PB)
Santa Margarida (MG)
Santa Margarida do Sul (RS)
Santa Maria da Boa Vista (PE)
Santa Maria de Itabira (MG)
Santa Maria do Cambucá (PE)
Santa Maria do Oeste (PR)
Santa Maria do Salto (MG)
Santa Maria do Suaçuí (MG)
Santa Quitéria (CE)
Santa Rita de Caldas (MG)
Santa Rita de Ibitipoca (MG)
Santa Rita de Minas (MG)
Santa Rita do Itueto (MG)
Santa Rosa da Serra (MG)
Santa Rosa do Piauí (PI)
Santa Teresinha (PB)
Santa Terezinha (PE)
Santa Terezinha (SC)
Santa Terezinha do Progresso (SC)
Santaluz (BA)
Santana da Boa Vista (RS)
Santana da Vargem (MG)
Santana de Cataguases (MG)
Santana de Mangueira (PB)
Santana de Pirapama (MG)
Santana do Cariri (CE)
Santana do Garambéu (MG)
Santana do Itararé (PR)
Santana do Jacaré (MG)
Santana do Manhuaçu (MG)
Santana do Piauí (PI)
Santana do Riacho (MG)
Santana do Seridó (RN)
Santana dos Garrotes (PB)
Santana dos Montes (MG)
Santo André (PB)
Santo Antônio das Missões (RS)
Santo Antônio de Lisboa (PI)
Santo Antônio do Amparo (MG)
Santo Antônio do Caiuá (PR)
Santo Antônio do Grama (MG)
Santo Antônio do Itambé (MG)
Santo Antônio do Jacinto (MG)
Santo Antônio do Retiro (MG)
Santo Antônio do Rio Abaixo (MG)
Santo Antônio dos Milagres (PI)
Santo Hipólito (MG)
Santo Inácio do Piauí (PI)
Sapopema (PR)
Sardoá (MG)
Satubinha (MA)
Saúde (BA)
Sebastião Laranjeiras (BA)
Sebastião Leal (PI)
Segredo (RS)
Sem-Peixe (MG)
Senador Alexandre Costa (MA)
Senador Amaral (MG)
Senador Firmino (MG)
Senador José Bento (MG)
Senador José Porfírio (PA)
Senador La Rocque (MA)
Senador Modestino Gonçalves (MG)
Senador Pompeu (CE)
Senador Rui Palmeira (AL)
Senador Salgado Filho (RS)
Sengés (PR)
Senhora de Oliveira (MG)
Senhora do Porto (MG)
Senhora dos Remédios (MG)
Sento Sé (BA)
Sericita (MG)
Seritinga (MG)
Serra Azul (SP)
Serra Azul de Minas (MG)
Serra Branca (PB)
Serra Grande (PB)
Serra Negra do Norte (RN)
Serra da Saudade (MG)
Serra do Navio (AP)
Serra do Ramalho (BA)
Serrania (MG)
Serranos (MG)
Serranópolis de Minas (MG)
Serrinha dos Pintos (RN)
Serrita (PE)
Serro (MG)
Serrolândia (BA)
Sertânia (PE)
Sete de Setembro (RS)
Setubinha (MG)
Severiano Melo (RN)
Sigefredo Pacheco (PI)
Silveirânia (MG)
Silvianópolis (MG)
Simonésia (MG)
Simões (PI)
Sinimbu (RS)
Sobradinho (BA)
Sobrália (MG)
Soledade (PB)
Soledade de Minas (MG)
Solidão (PE)
Solonópole (CE)
Sossêgo (PB)
Souto Soares (BA)
Sucupira do Norte (MA)
Sucupira do Riachão (MA)
Sussuapara (PI)
São Bentinho (PB)
São Bento (PB)
São Bento Abade (MG)
São Bento do Tocantins (TO)
São Bento do Trairí (RN)
São Bento do Una (PE)
São Bernardino (SC)
São Caitano (PE)
São Cristóvão do Sul (SC)
São Domingos (BA)
São Domingos (PB)
São Domingos das Dores (MG)
São Domingos do Azeitão (MA)
São Domingos do Capim (PA)
São Domingos do Cariri (PB)
São Domingos do Maranhão (MA)
São Domingos do Prata (MG)
São Fernando (RN)
São Francisco (PB)
São Francisco de Assis (RS)
São Francisco de Paula (MG)
São Francisco do Brejão (MA)
São Francisco do Glória (MG)
São Francisco do Maranhão (MA)
São Francisco do Oeste (RN)
São Francisco do Piauí (PI)
São Félix de Balsas (MA)
São Félix de Minas (MG)
São Félix do Piauí (PI)
São Gabriel (BA)
São Geraldo (MG)
São Geraldo da Piedade (MG)
São Geraldo do Baixio (MG)
São Gonçalo do Pará (MG)
São Gonçalo do Piauí (PI)
São Gonçalo do Rio Preto (MG)
São Gonçalo do Sapucaí (MG)
São Jerônimo da Serra (PR)
São Joaquim de Bicas (MG)
São José da Boa Vista (PR)
São José da Lagoa Tapada (PB)
São José da Safira (MG)
São José da Tapera (AL)
São José da Varginha (MG)
São José das Missões (RS)
São José de Caiana (PB)
São José de Espinharas (PB)
São José de Piranhas (PB)
São José de Princesa (PB)
São José do Alegre (MG)
São José do Belmonte (PE)
São José do Bonfim (PB)
São José do Brejo do Cruz (PB)
São José do Cerrito (SC)
São José do Divino (MG)
São José do Egito (PE)
São José do Goiabal (MG)
São José do Herval (RS)
São José do Jacuri (MG)
São José do Jacuípe (BA)
São José do Mantimento (MG)
São José do Peixe (PI)
São José do Piauí (PI)
São José do Sabugi (PB)
São José do Seridó (RN)
São José dos Basílios (MA)
São José dos Cordeiros (PB)
São João Batista do Glória (MG)
São João Evangelista (MG)
São João da Canabrava (PI)
São João da Mata (MG)
São João da Serra (PI)
São João da Varjota (PI)
São João do Arraial (PI)
São João do Caiuá (PR)
São João do Cariri (PB)
São João do Carú (MA)
São João do Ivaí (PR)
São João do Manhuaçu (MG)
São João do Manteninha (MG)
São João do Oriente (MG)
São João do Paraíso (MA)
São João do Paraíso (MG)
São João do Rio do Peixe (PB)
São João do Sabugi (RN)
São João do Soter (MA)
São João do Tigre (PB)
São João do Triunfo (PR)
São Julião (PI)
São Luis do Piauí (PI)
São Luís Gonzaga do Maranhão (MA)
São Mamede (PB)
São Manoel do Paraná (PR)
São Martinho da Serra (RS)
São Mateus do Maranhão (MA)
São Miguel (RN)
São Miguel da Baixa Grande (PI)
São Miguel do Anta (MG)
São Miguel do Tapuio (PI)
São Miguel do Tocantins (TO)
São Nicolau (RS)
São Paulo das Missões (RS)
São Pedro da União (MG)
São Pedro da Água Branca (MA)
São Pedro das Missões (RS)
São Pedro do Piauí (PI)
São Pedro do Suaçuí (MG)
São Pedro do Sul (RS)
São Pedro dos Crentes (MA)
São Pedro dos Ferros (MG)
São Raimundo das Mangabeiras (MA)
São Raimundo do Doca Bezerra (MA)
São Roberto (MA)
São Sebastião da Amoreira (PR)
São Sebastião da Bela Vista (MG)
São Sebastião da Vargem Alegre (MG)
São Sebastião de Lagoa de Roça (PB)
São Sebastião do Anta (MG)
São Sebastião do Maranhão (MG)
São Sebastião do Oeste (MG)
São Sebastião do Rio Preto (MG)
São Sebastião do Tocantins (TO)
São Sebastião do Umbuzeiro (PB)
São Sepé (RS)
São Tiago (MG)
São Tomás de Aquino (MG)
São Tomé (PR)
São Tomé das Letras (MG)
São Valério do Sul (RS)
São Vicente (RN)
São Vicente de Minas (MG)
São Vicente do Seridó (PB)
São Vicente do Sul (RS)
Sério (RS)
Sítio Novo (MA)
Sítio Novo do Tocantins (TO)
Sítio do Mato (BA)
Sítio do Quinto (BA)
Tabira (PE)
Taboleiro Grande (RN)
Tabuleiro (MG)
Tacaimbó (PE)
Tacaratu (PE)
Tailândia (PA)
Taiobeiras (MG)
Tamarana (PR)
Tamboara (PR)
Tamboril (CE)
Tanhaçu (BA)
Tanque Novo (BA)
Tanque do Piauí (PI)
Taparuba (MG)
Taperoá (PB)
Tapiramutá (BA)
Tapiraí (MG)
Taquaraçu de Minas (MG)
Taquaritinga do Norte (PE)
Tarrafas (CE)
Tarumirim (MG)
Tavares (PB)
Teixeira (PB)
Teixeira Soares (PR)
Teixeiras (MG)
Tenente Ananias (RN)
Tenente Laurentino Cruz (RN)
Tenório (PB)
Teofilândia (BA)
Terezinha (PE)
Terra Nova (PE)
Timbaúba dos Batistas (RN)
Timbiras (MA)
Timbó Grande (SC)
Tiradentes do Sul (RS)
Tocantins (MG)
Tocos do Moji (MG)
Toledo (MG)
Tomazina (PR)
Tombos (MG)
Tomé-Açu (PA)
Toritama (PE)
Toropi (RS)
Travesseiro (RS)
Tremedal (BA)
Trindade (PE)
Triunfo (PB)
Triunfo (PE)
Trizidela do Vale (MA)
Três Barras do Paraná (PR)
Três Palmeiras (RS)
Tucano (BA)
Tufilândia (MA)
Tumiritinga (MG)
Tunas (RS)
Tuneiras do Oeste (PR)
Tuntum (MA)
Tupanatinga (PE)
Tupanci do Sul (RS)
Tupanciretã (RS)
Tuparetama (PE)
Turmalina (MG)
Turvo (PR)
Turvolândia (MG)
Uauá (BA)
Ubaporanga (MG)
Uibaí (BA)
Uiramutã (RR)
Uiraúna (PB)
Ulianópolis (PA)
Umari (CE)
Umarizal (RN)
Umburanas (BA)
Umburatiba (MG)
Uniflor (PR)
Unistalda (RS)
União (PI)
Urandi (BA)
Uruará (PA)
Urucânia (MG)
Urupema (SC)
Utinga (BA)
Vale do Sol (RS)
Valente (BA)
Vargem (SC)
Vargem Alegre (MG)
Vargem Bonita (MG)
Vargem Grande do Rio Pardo (MG)
Varjota (CE)
Venha-Ver (RN)
Ventania (PR)
Venturosa (PE)
Verdejante (PE)
Verdelândia (MG)
Veredinha (MG)
Vermelho Novo (MG)
Vertentes (PE)
Vicente Dutra (RS)
Vieiras (MG)
Vieirópolis (PB)
Vila Nova do Piauí (PI)
Vila Nova do Sul (RS)
Vila Nova dos Martírios (MA)
Virgem da Lapa (MG)
Virginópolis (MG)
Virgolândia (MG)
Virmond (PR)
Visconde do Rio Branco (MG)
Vista Serrana (PB)
Vitorino Freire (MA)
Vitória das Missões (RS)
Vitória do Jari (AP)
Viçosa (RN)
Várzea (PB)
Várzea Alegre (CE)
Várzea Grande (PI)
Várzea Nova (BA)
Várzea da Roça (BA)
Várzea do Poço (BA)
Wagner (BA)
Wall Ferraz (PI)
Zabelê (PB)
Zé Doca (MA)
Água Boa (MG)
Água Branca (AL)
Água Branca (PB)
Água Branca (PI)
Água Doce do Norte (ES)
Água Nova (RN)
Águas Belas (PE)
Águas Vermelhas (MG)
Álvaro de Carvalho (SP)
Áurea (RS)
Érico Cardoso (BA)
Óbidos (PA)"
,,,,,
Total de municípios no universo: 5423. Total de domicílios no universo: 75069415.,,,,,
